<?xml version="1.0" encoding="UTF-8"?>
<ns8:ExportConfiguration xmlns="http://digev.com/uri/products/ManagementServer/xsd/1.0" xmlns:ns10="http://soa.com/uri/products/Organization/xsd/1.0" xmlns:ns11="http://soa.com/uri/products/IdentityAuthorization/xsd/1.0" xmlns:ns12="http://digev.com/uri/products/AlertManager/xsd/1.0" xmlns:ns13="http://soa.com/uri/products/Policy/xsd/1.0" xmlns:ns14="http://soa.com/uri/products/Contracts/xsd/1.0" xmlns:ns15="http://digev.com/uri/products/PolicyManager/xsd/1.0" xmlns:ns2="http://digev.com/uri/products/Types/xsd/1.0" xmlns:ns3="http://www.soa.com/uri/products/SLAPolicy/xsd/1.0" xmlns:ns4="urn:uddi-org:api_v3" xmlns:ns5="http://www.w3.org/2000/09/xmldsig#" xmlns:ns6="http://soa.com/uri/products/ServiceProperties/1.0" xmlns:ns7="http://soa.com/uri/products/ServiceEndpointProperties/1.0" xmlns:ns8="http://www.soa.com/uri/products/ServiceManagerMigration/xsd/1.0" xmlns:ns9="urn:uddi-org:sub_v3"><ns8:SourceOrganization><ns2:Key>uddi:soa.com:registryorganization</ns2:Key></ns8:SourceOrganization><ns8:ExportObjectConfiguration><ns2:OrganizationKey><ns2:Key>uddi:66bb0967-d687-11e4-92ed-9e265b7021d0</ns2:Key></ns2:OrganizationKey><ns8:ExportOrganization><ns10:Organization><ns10:OrganizationKey><ns2:Key>uddi:66bb0967-d687-11e4-92ed-9e265b7021d0</ns2:Key></ns10:OrganizationKey><ns10:ParentKey><ns2:Key>uddi:soa.com:registryorganization</ns2:Key></ns10:ParentKey><ns10:Name>Dropbox API Hook</ns10:Name><ns10:Description></ns10:Description><ns10:OrganizationType>Project</ns10:OrganizationType></ns10:Organization><ns4:businessEntity businessKey="uddi:66bb0967-d687-11e4-92ed-9e265b7021d0"><ns4:name>Dropbox API Hook</ns4:name><ns4:categoryBag><ns4:keyedReferenceGroup tModelKey="uddi:soa.com:organization:group"><ns4:keyedReference keyName="Organization type" keyValue="Project" tModelKey="uddi:soa.com:categorization:organizationtype"/></ns4:keyedReferenceGroup></ns4:categoryBag></ns4:businessEntity></ns8:ExportOrganization></ns8:ExportObjectConfiguration><ns8:ExportObjectConfiguration><ns2:ScriptKey><ns2:Key>script:d1987271-c611-11e4-8ee9-d0db1b3a73d5</ns2:Key></ns2:ScriptKey><ns8:ExportScript><ns8:ScriptUri>scripts/script_d1987271-c611-11e4-8ee9-d0db1b3a73d5.xml</ns8:ScriptUri><ns8:Name>Box-Common</ns8:Name><ns8:Description></ns8:Description><ns8:ScriptKey>script:d1987271-c611-11e4-8ee9-d0db1b3a73d5</ns8:ScriptKey><ns8:OrganizationKey>uddi:soa.com:registryorganization</ns8:OrganizationKey><ns8:Type>js</ns8:Type></ns8:ExportScript></ns8:ExportObjectConfiguration><ns8:ExportObjectConfiguration><ns2:ScriptKey><ns2:Key>script:7c931dd8-d688-11e4-92ed-9e265b7021d0</ns2:Key></ns2:ScriptKey><ns8:ExportScript><ns8:ScriptUri>scripts/script_7c931dd8-d688-11e4-92ed-9e265b7021d0.xml</ns8:ScriptUri><ns8:Name>Dropbox-Common</ns8:Name><ns8:Description></ns8:Description><ns8:ScriptKey>script:7c931dd8-d688-11e4-92ed-9e265b7021d0</ns8:ScriptKey><ns8:OrganizationKey>uddi:66bb0967-d687-11e4-92ed-9e265b7021d0</ns8:OrganizationKey><ns8:Type>js</ns8:Type></ns8:ExportScript></ns8:ExportObjectConfiguration><ns8:ExportObjectConfiguration><ns2:BpelKey><ns2:Key>bpel:13698ab3-d6a1-11e4-9a5e-8f28bc3f91d0</ns2:Key></ns2:BpelKey><ns8:ExportBpel><ns8:BpelUri>bpels/bpel_13698ab3-d6a1-11e4-9a5e-8f28bc3f91d0.xml</ns8:BpelUri></ns8:ExportBpel></ns8:ExportObjectConfiguration><ns8:ExportObjectConfiguration><ns2:BpelKey><ns2:Key>bpel:13556670-d6a1-11e4-9a5e-8f28bc3f91d0</ns2:Key></ns2:BpelKey><ns8:ExportBpel><ns8:BpelUri>bpels/bpel_13556670-d6a1-11e4-9a5e-8f28bc3f91d0.xml</ns8:BpelUri></ns8:ExportBpel></ns8:ExportObjectConfiguration><ns8:ExportObjectConfiguration><ns2:BpelKey><ns2:Key>bpel:135ba801-d6a1-11e4-9a5e-8f28bc3f91d0</ns2:Key></ns2:BpelKey><ns8:ExportBpel><ns8:BpelUri>bpels/bpel_135ba801-d6a1-11e4-9a5e-8f28bc3f91d0.xml</ns8:BpelUri></ns8:ExportBpel></ns8:ExportObjectConfiguration><ns8:ExportObjectConfiguration><ns2:BpelKey><ns2:Key>bpel:132ea48c-d6a1-11e4-9a5e-8f28bc3f91d0</ns2:Key></ns2:BpelKey><ns8:ExportBpel><ns8:BpelUri>bpels/bpel_132ea48c-d6a1-11e4-9a5e-8f28bc3f91d0.xml</ns8:BpelUri></ns8:ExportBpel></ns8:ExportObjectConfiguration><ns8:ExportObjectConfiguration><ns2:BpelKey><ns2:Key>bpel:0a5cdfbb-da68-11e4-a882-ee1e212fe7c6</ns2:Key></ns2:BpelKey><ns8:ExportBpel><ns8:BpelUri>bpels/bpel_0a5cdfbb-da68-11e4-a882-ee1e212fe7c6.xml</ns8:BpelUri></ns8:ExportBpel></ns8:ExportObjectConfiguration><ns8:ExportObjectConfiguration><ns2:BpelKey><ns2:Key>bpel:4629b779-d689-11e4-92ed-9e265b7021d0</ns2:Key></ns2:BpelKey><ns8:ExportBpel><ns8:BpelUri>bpels/bpel_4629b779-d689-11e4-92ed-9e265b7021d0.xml</ns8:BpelUri></ns8:ExportBpel></ns8:ExportObjectConfiguration><ns8:ExportObjectConfiguration><ns2:BpelKey><ns2:Key>bpel:137c2855-d6a1-11e4-9a5e-8f28bc3f91d0</ns2:Key></ns2:BpelKey><ns8:ExportBpel><ns8:BpelUri>bpels/bpel_137c2855-d6a1-11e4-9a5e-8f28bc3f91d0.xml</ns8:BpelUri></ns8:ExportBpel></ns8:ExportObjectConfiguration><ns8:ExportObjectConfiguration><ns2:BpelKey><ns2:Key>bpel:133d719e-d6a1-11e4-9a5e-8f28bc3f91d0</ns2:Key></ns2:BpelKey><ns8:ExportBpel><ns8:BpelUri>bpels/bpel_133d719e-d6a1-11e4-9a5e-8f28bc3f91d0.xml</ns8:BpelUri></ns8:ExportBpel></ns8:ExportObjectConfiguration><ns8:ExportObjectConfiguration><ns2:BpelKey><ns2:Key>bpel:13a66cab-d6a1-11e4-9a5e-8f28bc3f91d0</ns2:Key></ns2:BpelKey><ns8:ExportBpel><ns8:BpelUri>bpels/bpel_13a66cab-d6a1-11e4-9a5e-8f28bc3f91d0.xml</ns8:BpelUri></ns8:ExportBpel></ns8:ExportObjectConfiguration><ns8:ExportObjectConfiguration><ns2:BpelKey><ns2:Key>bpel:138290f6-d6a1-11e4-9a5e-8f28bc3f91d0</ns2:Key></ns2:BpelKey><ns8:ExportBpel><ns8:BpelUri>bpels/bpel_138290f6-d6a1-11e4-9a5e-8f28bc3f91d0.xml</ns8:BpelUri></ns8:ExportBpel></ns8:ExportObjectConfiguration><ns8:ExportObjectConfiguration><ns2:BpelKey><ns2:Key>bpel:13701a64-d6a1-11e4-9a5e-8f28bc3f91d0</ns2:Key></ns2:BpelKey><ns8:ExportBpel><ns8:BpelUri>bpels/bpel_13701a64-d6a1-11e4-9a5e-8f28bc3f91d0.xml</ns8:BpelUri></ns8:ExportBpel></ns8:ExportObjectConfiguration><ns8:ExportObjectConfiguration><ns2:BpelKey><ns2:Key>bpel:13b3b31d-d6a1-11e4-9a5e-8f28bc3f91d0</ns2:Key></ns2:BpelKey><ns8:ExportBpel><ns8:BpelUri>bpels/bpel_13b3b31d-d6a1-11e4-9a5e-8f28bc3f91d0.xml</ns8:BpelUri></ns8:ExportBpel></ns8:ExportObjectConfiguration><ns8:ExportObjectConfiguration><ns2:BpelKey><ns2:Key>bpel:13bab7fe-d6a1-11e4-9a5e-8f28bc3f91d0</ns2:Key></ns2:BpelKey><ns8:ExportBpel><ns8:BpelUri>bpels/bpel_13bab7fe-d6a1-11e4-9a5e-8f28bc3f91d0.xml</ns8:BpelUri></ns8:ExportBpel></ns8:ExportObjectConfiguration><ns8:ExportObjectConfiguration><ns2:BpelKey><ns2:Key>bpel:133645ad-d6a1-11e4-9a5e-8f28bc3f91d0</ns2:Key></ns2:BpelKey><ns8:ExportBpel><ns8:BpelUri>bpels/bpel_133645ad-d6a1-11e4-9a5e-8f28bc3f91d0.xml</ns8:BpelUri></ns8:ExportBpel></ns8:ExportObjectConfiguration><ns8:ExportObjectConfiguration><ns2:BpelKey><ns2:Key>bpel:134e136f-d6a1-11e4-9a5e-8f28bc3f91d0</ns2:Key></ns2:BpelKey><ns8:ExportBpel><ns8:BpelUri>bpels/bpel_134e136f-d6a1-11e4-9a5e-8f28bc3f91d0.xml</ns8:BpelUri></ns8:ExportBpel></ns8:ExportObjectConfiguration><ns8:ExportObjectConfiguration><ns2:BpelKey><ns2:Key>bpel:138995d7-d6a1-11e4-9a5e-8f28bc3f91d0</ns2:Key></ns2:BpelKey><ns8:ExportBpel><ns8:BpelUri>bpels/bpel_138995d7-d6a1-11e4-9a5e-8f28bc3f91d0.xml</ns8:BpelUri></ns8:ExportBpel></ns8:ExportObjectConfiguration><ns8:ExportObjectConfiguration><ns2:BpelKey><ns2:Key>bpel:1362ace2-d6a1-11e4-9a5e-8f28bc3f91d0</ns2:Key></ns2:BpelKey><ns8:ExportBpel><ns8:BpelUri>bpels/bpel_1362ace2-d6a1-11e4-9a5e-8f28bc3f91d0.xml</ns8:BpelUri></ns8:ExportBpel></ns8:ExportObjectConfiguration><ns8:ExportObjectConfiguration><ns2:BpelKey><ns2:Key>bpel:139f67ca-d6a1-11e4-9a5e-8f28bc3f91d0</ns2:Key></ns2:BpelKey><ns8:ExportBpel><ns8:BpelUri>bpels/bpel_139f67ca-d6a1-11e4-9a5e-8f28bc3f91d0.xml</ns8:BpelUri></ns8:ExportBpel></ns8:ExportObjectConfiguration><ns8:ExportObjectConfiguration><ns2:BpelKey><ns2:Key>bpel:131e29cb-d6a1-11e4-9a5e-8f28bc3f91d0</ns2:Key></ns2:BpelKey><ns8:ExportBpel><ns8:BpelUri>bpels/bpel_131e29cb-d6a1-11e4-9a5e-8f28bc3f91d0.xml</ns8:BpelUri></ns8:ExportBpel></ns8:ExportObjectConfiguration><ns8:ExportObjectConfiguration><ns2:BpelKey><ns2:Key>bpel:13ac872c-d6a1-11e4-9a5e-8f28bc3f91d0</ns2:Key></ns2:BpelKey><ns8:ExportBpel><ns8:BpelUri>bpels/bpel_13ac872c-d6a1-11e4-9a5e-8f28bc3f91d0.xml</ns8:BpelUri></ns8:ExportBpel></ns8:ExportObjectConfiguration><ns8:ExportObjectConfiguration><ns2:BpelKey><ns2:Key>bpel:22e0d180-d689-11e4-92ed-9e265b7021d0</ns2:Key></ns2:BpelKey><ns8:ExportBpel><ns8:BpelUri>bpels/bpel_22e0d180-d689-11e4-92ed-9e265b7021d0.xml</ns8:BpelUri></ns8:ExportBpel></ns8:ExportObjectConfiguration><ns8:ExportObjectConfiguration><ns2:BpelKey><ns2:Key>bpel:1397c6a9-d6a1-11e4-9a5e-8f28bc3f91d0</ns2:Key></ns2:BpelKey><ns8:ExportBpel><ns8:BpelUri>bpels/bpel_1397c6a9-d6a1-11e4-9a5e-8f28bc3f91d0.xml</ns8:BpelUri></ns8:ExportBpel></ns8:ExportObjectConfiguration><ns8:ExportObjectConfiguration><ns2:BpelKey><ns2:Key>bpel:13909ab8-d6a1-11e4-9a5e-8f28bc3f91d0</ns2:Key></ns2:BpelKey><ns8:ExportBpel><ns8:BpelUri>bpels/bpel_13909ab8-d6a1-11e4-9a5e-8f28bc3f91d0.xml</ns8:BpelUri></ns8:ExportBpel></ns8:ExportObjectConfiguration><ns8:ExportObjectConfiguration><ns2:InterfaceKey><ns2:Key>uddi:769c8b1f-7dc1-584c-afa5-1799f32913e2</ns2:Key><ns2:InterfaceQName>{http://win7-64-vm:9905/dropbox_hook}Dropbox_API_Hook_Re-Direct_PortType</ns2:InterfaceQName></ns2:InterfaceKey><ns8:ExportInterface><ns4:tModel deleted="false" tModelKey="uddi:769c8b1f-7dc1-584c-afa5-1799f32913e2"><ns4:name>Dropbox_API_Hook_Re-Direct_PortType</ns4:name><ns4:categoryBag><ns4:keyedReference keyName="WSDL type" keyValue="portType" tModelKey="uddi:uddi.org:wsdl:types"/><ns4:keyedReference keyName="portType namespace" keyValue="http://win7-64-vm:9905/dropbox_hook" tModelKey="uddi:uddi.org:xml:namespace"/></ns4:categoryBag></ns4:tModel><ns8:InterfaceWsdlUri>wsdls/uddi_769c8b1f-7dc1-584c-afa5-1799f32913e2.wsdl</ns8:InterfaceWsdlUri></ns8:ExportInterface></ns8:ExportObjectConfiguration><ns8:ExportObjectConfiguration><ns2:InterfaceKey><ns2:Key>uddi:866ccec3-068c-e3ae-5ded-ef114bd95d4e</ns2:Key><ns2:InterfaceQName>{https://api-content.dropbox.com/1}Dropbox_Content_API_PortType</ns2:InterfaceQName></ns2:InterfaceKey><ns8:ExportInterface><ns4:tModel deleted="false" tModelKey="uddi:866ccec3-068c-e3ae-5ded-ef114bd95d4e"><ns4:name>Dropbox_Content_API_PortType</ns4:name><ns4:categoryBag><ns4:keyedReference keyName="WSDL type" keyValue="portType" tModelKey="uddi:uddi.org:wsdl:types"/><ns4:keyedReference keyName="portType namespace" keyValue="https://api-content.dropbox.com/1" tModelKey="uddi:uddi.org:xml:namespace"/></ns4:categoryBag></ns4:tModel><ns8:InterfaceWsdlUri>wsdls/uddi_866ccec3-068c-e3ae-5ded-ef114bd95d4e.wsdl</ns8:InterfaceWsdlUri></ns8:ExportInterface></ns8:ExportObjectConfiguration><ns8:ExportObjectConfiguration><ns2:InterfaceKey><ns2:Key>uddi:abb0e9ed-97ea-6f9d-6aff-dddc7fc24bad</ns2:Key><ns2:InterfaceQName>{https://api.dropbox.com/1}Dropbox_Core_API_PortType</ns2:InterfaceQName></ns2:InterfaceKey><ns8:ExportInterface><ns4:tModel deleted="false" tModelKey="uddi:abb0e9ed-97ea-6f9d-6aff-dddc7fc24bad"><ns4:name>Dropbox_Core_API_PortType</ns4:name><ns4:categoryBag><ns4:keyedReference keyName="WSDL type" keyValue="portType" tModelKey="uddi:uddi.org:wsdl:types"/><ns4:keyedReference keyName="portType namespace" keyValue="https://api.dropbox.com/1" tModelKey="uddi:uddi.org:xml:namespace"/></ns4:categoryBag></ns4:tModel><ns8:InterfaceWsdlUri>wsdls/uddi_abb0e9ed-97ea-6f9d-6aff-dddc7fc24bad.wsdl</ns8:InterfaceWsdlUri></ns8:ExportInterface></ns8:ExportObjectConfiguration><ns8:ExportObjectConfiguration><ns2:InterfaceKey><ns2:Key>uddi:a0f75e08-f2cc-ffd2-8b87-05a6859bcafd</ns2:Key><ns2:InterfaceQName>{https://api.box.com/2.0}Dropbox_Notify_API_PortType</ns2:InterfaceQName></ns2:InterfaceKey><ns8:ExportInterface><ns4:tModel deleted="false" tModelKey="uddi:a0f75e08-f2cc-ffd2-8b87-05a6859bcafd"><ns4:name>Dropbox_Notify_API_PortType</ns4:name><ns4:categoryBag><ns4:keyedReference keyName="WSDL type" keyValue="portType" tModelKey="uddi:uddi.org:wsdl:types"/><ns4:keyedReference keyName="portType namespace" keyValue="https://api.box.com/2.0" tModelKey="uddi:uddi.org:xml:namespace"/></ns4:categoryBag></ns4:tModel><ns8:InterfaceWsdlUri>wsdls/uddi_a0f75e08-f2cc-ffd2-8b87-05a6859bcafd.wsdl</ns8:InterfaceWsdlUri></ns8:ExportInterface></ns8:ExportObjectConfiguration><ns8:ExportObjectConfiguration><ns2:InterfaceKey><ns2:Key>uddi:320c61b6-d9b1-e282-3644-7fe9688ac469</ns2:Key><ns2:InterfaceQName>{http://win7-64-vm:9905/dropbox_hook}Dropbox_API_Helloworld_PortType</ns2:InterfaceQName></ns2:InterfaceKey><ns8:ExportInterface><ns4:tModel deleted="false" tModelKey="uddi:320c61b6-d9b1-e282-3644-7fe9688ac469"><ns4:name>Dropbox_API_Helloworld_PortType</ns4:name><ns4:categoryBag><ns4:keyedReference keyName="portType namespace" keyValue="http://win7-64-vm:9905/dropbox_hook" tModelKey="uddi:uddi.org:xml:namespace"/><ns4:keyedReference keyName="WSDL type" keyValue="portType" tModelKey="uddi:uddi.org:wsdl:types"/></ns4:categoryBag></ns4:tModel><ns8:InterfaceWsdlUri>wsdls/uddi_320c61b6-d9b1-e282-3644-7fe9688ac469.wsdl</ns8:InterfaceWsdlUri></ns8:ExportInterface></ns8:ExportObjectConfiguration><ns8:ExportObjectConfiguration><ns2:BindingKey><ns2:Key>uddi:90cb9e8b-b092-0c8a-b1da-92a2a86b3a76</ns2:Key><ns2:BindingQName>{https://api-content.dropbox.com/1}Dropbox_Content_API_Binding</ns2:BindingQName><ns2:BindingType>binding.http</ns2:BindingType></ns2:BindingKey><ns8:ExportBinding><ns4:tModel deleted="false" tModelKey="uddi:90cb9e8b-b092-0c8a-b1da-92a2a86b3a76"><ns4:name>Dropbox_Content_API_Binding</ns4:name><ns4:categoryBag><ns4:keyedReference keyName="uddi-org:types" keyValue="wsdlSpec" tModelKey="uddi:uddi.org:categorization:types"/><ns4:keyedReference keyName="portType Reference" keyValue="uddi:866ccec3-068c-e3ae-5ded-ef114bd95d4e" tModelKey="uddi:uddi.org:wsdl:porttypereference"/><ns4:keyedReference keyName="WSDL type" keyValue="binding" tModelKey="uddi:uddi.org:wsdl:types"/><ns4:keyedReference keyName="binding namespace" keyValue="https://api-content.dropbox.com/1" tModelKey="uddi:uddi.org:xml:namespace"/></ns4:categoryBag></ns4:tModel><ns8:BindingWsdlUri>wsdls/uddi_90cb9e8b-b092-0c8a-b1da-92a2a86b3a76.wsdl</ns8:BindingWsdlUri></ns8:ExportBinding></ns8:ExportObjectConfiguration><ns8:ExportObjectConfiguration><ns2:BindingKey><ns2:Key>uddi:3a287c48-f2cf-9097-da97-882f2bb13a36</ns2:Key><ns2:BindingQName>{http://win7-64-vm:9905/dropbox_hook}Dropbox_API_Hook_Re-Direct_Binding</ns2:BindingQName><ns2:BindingType>binding.http</ns2:BindingType></ns2:BindingKey><ns8:ExportBinding><ns4:tModel deleted="false" tModelKey="uddi:3a287c48-f2cf-9097-da97-882f2bb13a36"><ns4:name>Dropbox_API_Hook_Re-Direct_Binding</ns4:name><ns4:categoryBag><ns4:keyedReference keyName="uddi-org:types" keyValue="wsdlSpec" tModelKey="uddi:uddi.org:categorization:types"/><ns4:keyedReference keyName="portType Reference" keyValue="uddi:769c8b1f-7dc1-584c-afa5-1799f32913e2" tModelKey="uddi:uddi.org:wsdl:porttypereference"/><ns4:keyedReference keyName="WSDL type" keyValue="binding" tModelKey="uddi:uddi.org:wsdl:types"/><ns4:keyedReference keyName="binding namespace" keyValue="http://win7-64-vm:9905/dropbox_hook" tModelKey="uddi:uddi.org:xml:namespace"/></ns4:categoryBag></ns4:tModel><ns8:BindingWsdlUri>wsdls/uddi_3a287c48-f2cf-9097-da97-882f2bb13a36.wsdl</ns8:BindingWsdlUri></ns8:ExportBinding></ns8:ExportObjectConfiguration><ns8:ExportObjectConfiguration><ns2:BindingKey><ns2:Key>uddi:2e90c080-b1e1-651c-f941-9a8773d18cdd</ns2:Key><ns2:BindingQName>{https://api.box.com/2.0}Dropbox_Notify_API_Binding</ns2:BindingQName><ns2:BindingType>binding.http</ns2:BindingType></ns2:BindingKey><ns8:ExportBinding><ns4:tModel deleted="false" tModelKey="uddi:2e90c080-b1e1-651c-f941-9a8773d18cdd"><ns4:name>Dropbox_Notify_API_Binding</ns4:name><ns4:categoryBag><ns4:keyedReference keyName="uddi-org:types" keyValue="wsdlSpec" tModelKey="uddi:uddi.org:categorization:types"/><ns4:keyedReference keyName="portType Reference" keyValue="uddi:a0f75e08-f2cc-ffd2-8b87-05a6859bcafd" tModelKey="uddi:uddi.org:wsdl:porttypereference"/><ns4:keyedReference keyName="WSDL type" keyValue="binding" tModelKey="uddi:uddi.org:wsdl:types"/><ns4:keyedReference keyName="binding namespace" keyValue="https://api.box.com/2.0" tModelKey="uddi:uddi.org:xml:namespace"/></ns4:categoryBag></ns4:tModel><ns8:BindingWsdlUri>wsdls/uddi_2e90c080-b1e1-651c-f941-9a8773d18cdd.wsdl</ns8:BindingWsdlUri></ns8:ExportBinding></ns8:ExportObjectConfiguration><ns8:ExportObjectConfiguration><ns2:BindingKey><ns2:Key>uddi:9f324224-2698-40e8-623e-b14e34cde6a0</ns2:Key><ns2:BindingQName>{https://api.dropbox.com/1}Dropbox_Core_API_Binding</ns2:BindingQName><ns2:BindingType>binding.http</ns2:BindingType></ns2:BindingKey><ns8:ExportBinding><ns4:tModel deleted="false" tModelKey="uddi:9f324224-2698-40e8-623e-b14e34cde6a0"><ns4:name>Dropbox_Core_API_Binding</ns4:name><ns4:categoryBag><ns4:keyedReference keyName="uddi-org:types" keyValue="wsdlSpec" tModelKey="uddi:uddi.org:categorization:types"/><ns4:keyedReference keyName="portType Reference" keyValue="uddi:abb0e9ed-97ea-6f9d-6aff-dddc7fc24bad" tModelKey="uddi:uddi.org:wsdl:porttypereference"/><ns4:keyedReference keyName="WSDL type" keyValue="binding" tModelKey="uddi:uddi.org:wsdl:types"/><ns4:keyedReference keyName="binding namespace" keyValue="https://api.dropbox.com/1" tModelKey="uddi:uddi.org:xml:namespace"/></ns4:categoryBag></ns4:tModel><ns8:BindingWsdlUri>wsdls/uddi_9f324224-2698-40e8-623e-b14e34cde6a0.wsdl</ns8:BindingWsdlUri></ns8:ExportBinding></ns8:ExportObjectConfiguration><ns8:ExportObjectConfiguration><ns2:BindingKey><ns2:Key>uddi:e95a29c6-234f-839f-85aa-cae8d75b91fe</ns2:Key><ns2:BindingQName>{http://win7-64-vm:9905/dropbox_hook}Dropbox_API_Helloworld_Binding</ns2:BindingQName><ns2:BindingType>binding.http</ns2:BindingType></ns2:BindingKey><ns8:ExportBinding><ns4:tModel deleted="false" tModelKey="uddi:e95a29c6-234f-839f-85aa-cae8d75b91fe"><ns4:name>Dropbox_API_Helloworld_Binding</ns4:name><ns4:categoryBag><ns4:keyedReference keyName="binding namespace" keyValue="http://win7-64-vm:9905/dropbox_hook" tModelKey="uddi:uddi.org:xml:namespace"/><ns4:keyedReference keyName="WSDL type" keyValue="binding" tModelKey="uddi:uddi.org:wsdl:types"/><ns4:keyedReference keyName="portType Reference" keyValue="uddi:320c61b6-d9b1-e282-3644-7fe9688ac469" tModelKey="uddi:uddi.org:wsdl:porttypereference"/><ns4:keyedReference keyName="uddi-org:types" keyValue="wsdlSpec" tModelKey="uddi:uddi.org:categorization:types"/></ns4:categoryBag></ns4:tModel><ns8:BindingWsdlUri>wsdls/uddi_e95a29c6-234f-839f-85aa-cae8d75b91fe.wsdl</ns8:BindingWsdlUri></ns8:ExportBinding></ns8:ExportObjectConfiguration><ns8:ExportObjectConfiguration><ns2:ServiceKey><ns2:Key>uddi:128767cd-d6a1-11e4-9a5e-8f28bc3f91d0</ns2:Key><ns2:ServiceQName>{https://api.dropbox.com/1}Dropbox_Core_API_vs0</ns2:ServiceQName></ns2:ServiceKey><ns8:ExportService><VirtualService BusinessKey="uddi:66bb0967-d687-11e4-92ed-9e265b7021d0" ServiceKey="uddi:128767cd-d6a1-11e4-9a5e-8f28bc3f91d0" WsdlServiceLocalName="Dropbox_Core_API_vs0" WsdlTargetNamespaceUrl="https://api.dropbox.com/1"><Name>Dropbox_Core_API_vs0</Name><Description></Description><Operations><LogicalOperation InterfaceName="{https://api.dropbox.com/1}Dropbox_Core_API_PortType" ManagementState="Enabled" NextHopOperationKey="uddi:9da8a9b9-946d-11e4-94e2-a14729683414$$${https://api.dropbox.com/1}Dropbox_Core_API_PortType$$$GET__account_info" NextHopOperationName="GET /account/info" NextHopServiceKey="uddi:9da8a9b9-946d-11e4-94e2-a14729683414" NextHopServiceName="Dropbox_Core_API" NumOfVirtualizedOperations="0" OperationKey="249db71b-d934-11e4-bf6a-a4a38b3f0e82" OperationLastUpdatedAt="2015-04-04T01:08:16.973Z" OperationName="GET /account/info" PolicyAvailable="true" ServiceKey="uddi:128767cd-d6a1-11e4-9a5e-8f28bc3f91d0" WsdlOperationName="GET__account_info"><NextHopOperation InterfaceName="{https://api.dropbox.com/1}Dropbox_Core_API_PortType" OperationKey="27f0b2f4-d934-11e4-bf6a-a4a38b3f0e82" OperationLastUpdatedAt="2015-04-04T02:03:02.450Z" OperationName="GET /account/info" ServiceKey="uddi:9da8a9b9-946d-11e4-94e2-a14729683414" ServiceName="Dropbox_Core_API" WsdlOperationName="GET__account_info"/></LogicalOperation><LogicalOperation InterfaceName="{https://api.dropbox.com/1}Dropbox_Core_API_PortType" ManagementState="Enabled" NextHopOperationKey="uddi:9da8a9b9-946d-11e4-94e2-a14729683414$$${https://api.dropbox.com/1}Dropbox_Core_API_PortType$$$GET__copy_ref_auto__path_" NextHopOperationName="GET /copy_ref/auto/{path}" NextHopServiceKey="uddi:9da8a9b9-946d-11e4-94e2-a14729683414" NextHopServiceName="Dropbox_Core_API" NumOfVirtualizedOperations="0" OperationKey="24a88c9f-d934-11e4-bf6a-a4a38b3f0e82" OperationLastUpdatedAt="2015-04-04T01:08:16.973Z" OperationName="GET /copy_ref/auto/{path}" PolicyAvailable="true" ServiceKey="uddi:128767cd-d6a1-11e4-9a5e-8f28bc3f91d0" WsdlOperationName="GET__copy_ref_auto__path_"><NextHopOperation InterfaceName="{https://api.dropbox.com/1}Dropbox_Core_API_PortType" OperationKey="27fbaf88-d934-11e4-bf6a-a4a38b3f0e82" OperationLastUpdatedAt="2015-04-04T02:03:02.450Z" OperationName="GET /copy_ref/auto/{path}" ServiceKey="uddi:9da8a9b9-946d-11e4-94e2-a14729683414" ServiceName="Dropbox_Core_API" WsdlOperationName="GET__copy_ref_auto__path_"/></LogicalOperation><LogicalOperation InterfaceName="{https://api.dropbox.com/1}Dropbox_Core_API_PortType" ManagementState="Enabled" NextHopOperationKey="uddi:9da8a9b9-946d-11e4-94e2-a14729683414$$${https://api.dropbox.com/1}Dropbox_Core_API_PortType$$$GET__metadata_auto__path_" NextHopOperationName="GET /metadata/auto/{path}" NextHopServiceKey="uddi:9da8a9b9-946d-11e4-94e2-a14729683414" NextHopServiceName="Dropbox_Core_API" NumOfVirtualizedOperations="0" OperationKey="249f8bdd-d934-11e4-bf6a-a4a38b3f0e82" OperationLastUpdatedAt="2015-04-04T01:08:16.973Z" OperationName="GET /metadata/auto/{path}" PolicyAvailable="true" ServiceKey="uddi:128767cd-d6a1-11e4-9a5e-8f28bc3f91d0" WsdlOperationName="GET__metadata_auto__path_"><NextHopOperation InterfaceName="{https://api.dropbox.com/1}Dropbox_Core_API_PortType" OperationKey="27f287b6-d934-11e4-bf6a-a4a38b3f0e82" OperationLastUpdatedAt="2015-04-04T02:03:02.450Z" OperationName="GET /metadata/auto/{path}" ServiceKey="uddi:9da8a9b9-946d-11e4-94e2-a14729683414" ServiceName="Dropbox_Core_API" WsdlOperationName="GET__metadata_auto__path_"/></LogicalOperation><LogicalOperation InterfaceName="{https://api.dropbox.com/1}Dropbox_Core_API_PortType" ManagementState="Enabled" NextHopOperationKey="uddi:9da8a9b9-946d-11e4-94e2-a14729683414$$${https://api.dropbox.com/1}Dropbox_Core_API_PortType$$$GET__oauth2_authorize" NextHopOperationName="GET /oauth2/authorize" NextHopServiceKey="uddi:9da8a9b9-946d-11e4-94e2-a14729683414" NextHopServiceName="Dropbox_Core_API" NumOfVirtualizedOperations="0" OperationKey="249d41ea-d934-11e4-bf6a-a4a38b3f0e82" OperationLastUpdatedAt="2015-04-04T01:08:16.973Z" OperationName="GET /oauth2/authorize" PolicyAvailable="true" ServiceKey="uddi:128767cd-d6a1-11e4-9a5e-8f28bc3f91d0" WsdlOperationName="GET__oauth2_authorize"><NextHopOperation InterfaceName="{https://api.dropbox.com/1}Dropbox_Core_API_PortType" OperationKey="27f03dc3-d934-11e4-bf6a-a4a38b3f0e82" OperationLastUpdatedAt="2015-04-04T02:03:02.450Z" OperationName="GET /oauth2/authorize" ServiceKey="uddi:9da8a9b9-946d-11e4-94e2-a14729683414" ServiceName="Dropbox_Core_API" WsdlOperationName="GET__oauth2_authorize"/></LogicalOperation><LogicalOperation InterfaceName="{https://api.dropbox.com/1}Dropbox_Core_API_PortType" ManagementState="Enabled" NextHopOperationKey="uddi:9da8a9b9-946d-11e4-94e2-a14729683414$$${https://api.dropbox.com/1}Dropbox_Core_API_PortType$$$GET__previews_auto__path_" NextHopOperationName="GET /previews/auto/{path}" NextHopServiceKey="uddi:9da8a9b9-946d-11e4-94e2-a14729683414" NextHopServiceName="Dropbox_Core_API" NumOfVirtualizedOperations="0" OperationKey="24a99e13-d934-11e4-bf6a-a4a38b3f0e82" OperationLastUpdatedAt="2015-04-04T01:08:16.973Z" OperationName="GET /previews/auto/{path}" PolicyAvailable="true" ServiceKey="uddi:128767cd-d6a1-11e4-9a5e-8f28bc3f91d0" WsdlOperationName="GET__previews_auto__path_"><NextHopOperation InterfaceName="{https://api.dropbox.com/1}Dropbox_Core_API_PortType" OperationKey="27fc99ec-d934-11e4-bf6a-a4a38b3f0e82" OperationLastUpdatedAt="2015-04-04T02:03:02.450Z" OperationName="GET /previews/auto/{path}" ServiceKey="uddi:9da8a9b9-946d-11e4-94e2-a14729683414" ServiceName="Dropbox_Core_API" WsdlOperationName="GET__previews_auto__path_"/></LogicalOperation><LogicalOperation InterfaceName="{https://api.dropbox.com/1}Dropbox_Core_API_PortType" ManagementState="Enabled" NextHopOperationKey="uddi:9da8a9b9-946d-11e4-94e2-a14729683414$$${https://api.dropbox.com/1}Dropbox_Core_API_PortType$$$GET__revisions_auto__path_" NextHopOperationName="GET /revisions/auto/{path}" NextHopServiceKey="uddi:9da8a9b9-946d-11e4-94e2-a14729683414" NextHopServiceName="Dropbox_Core_API" NumOfVirtualizedOperations="0" OperationKey="24a11283-d934-11e4-bf6a-a4a38b3f0e82" OperationLastUpdatedAt="2015-04-04T01:08:16.973Z" OperationName="GET /revisions/auto/{path}" PolicyAvailable="true" ServiceKey="uddi:128767cd-d6a1-11e4-9a5e-8f28bc3f91d0" WsdlOperationName="GET__revisions_auto__path_"><NextHopOperation InterfaceName="{https://api.dropbox.com/1}Dropbox_Core_API_PortType" OperationKey="27f546dc-d934-11e4-bf6a-a4a38b3f0e82" OperationLastUpdatedAt="2015-04-04T02:03:02.450Z" OperationName="GET /revisions/auto/{path}" ServiceKey="uddi:9da8a9b9-946d-11e4-94e2-a14729683414" ServiceName="Dropbox_Core_API" WsdlOperationName="GET__revisions_auto__path_"/></LogicalOperation><LogicalOperation InterfaceName="{https://api.dropbox.com/1}Dropbox_Core_API_PortType" ManagementState="Enabled" NextHopOperationKey="uddi:9da8a9b9-946d-11e4-94e2-a14729683414$$${https://api.dropbox.com/1}Dropbox_Core_API_PortType$$$GET__search_auto__path_" NextHopOperationName="GET /search/auto/{path}" NextHopServiceKey="uddi:9da8a9b9-946d-11e4-94e2-a14729683414" NextHopServiceName="Dropbox_Core_API" NumOfVirtualizedOperations="0" OperationKey="24a35c77-d934-11e4-bf6a-a4a38b3f0e82" OperationLastUpdatedAt="2015-04-04T01:08:16.973Z" OperationName="GET /search/auto/{path}" PolicyAvailable="true" ServiceKey="uddi:128767cd-d6a1-11e4-9a5e-8f28bc3f91d0" WsdlOperationName="GET__search_auto__path_"><NextHopOperation InterfaceName="{https://api.dropbox.com/1}Dropbox_Core_API_PortType" OperationKey="27f65850-d934-11e4-bf6a-a4a38b3f0e82" OperationLastUpdatedAt="2015-04-04T02:03:02.450Z" OperationName="GET /search/auto/{path}" ServiceKey="uddi:9da8a9b9-946d-11e4-94e2-a14729683414" ServiceName="Dropbox_Core_API" WsdlOperationName="GET__search_auto__path_"/></LogicalOperation><LogicalOperation InterfaceName="{https://api.dropbox.com/1}Dropbox_Core_API_PortType" ManagementState="Enabled" NextHopOperationKey="uddi:9da8a9b9-946d-11e4-94e2-a14729683414$$${https://api.dropbox.com/1}Dropbox_Core_API_PortType$$$GET__shared_folders__id_" NextHopOperationName="GET /shared_folders/{id}" NextHopServiceKey="uddi:9da8a9b9-946d-11e4-94e2-a14729683414" NextHopServiceName="Dropbox_Core_API" NumOfVirtualizedOperations="0" OperationKey="24abe804-d934-11e4-bf6a-a4a38b3f0e82" OperationLastUpdatedAt="2015-04-04T01:08:16.973Z" OperationName="GET /shared_folders/{id}" PolicyAvailable="true" ServiceKey="uddi:128767cd-d6a1-11e4-9a5e-8f28bc3f91d0" WsdlOperationName="GET__shared_folders__id_"><NextHopOperation InterfaceName="{https://api.dropbox.com/1}Dropbox_Core_API_PortType" OperationKey="27ff0aed-d934-11e4-bf6a-a4a38b3f0e82" OperationLastUpdatedAt="2015-04-04T02:03:02.450Z" OperationName="GET /shared_folders/{id}" ServiceKey="uddi:9da8a9b9-946d-11e4-94e2-a14729683414" ServiceName="Dropbox_Core_API" WsdlOperationName="GET__shared_folders__id_"/></LogicalOperation><LogicalOperation InterfaceName="{https://api.dropbox.com/1}Dropbox_Core_API_PortType" ManagementState="Enabled" NextHopOperationKey="uddi:9da8a9b9-946d-11e4-94e2-a14729683414$$${https://api.dropbox.com/1}Dropbox_Core_API_PortType$$$GET__thumbnails_auto__path_" NextHopOperationName="GET /thumbnails/auto/{path}" NextHopServiceKey="uddi:9da8a9b9-946d-11e4-94e2-a14729683414" NextHopServiceName="Dropbox_Core_API" NumOfVirtualizedOperations="0" OperationKey="24a901d1-d934-11e4-bf6a-a4a38b3f0e82" OperationLastUpdatedAt="2015-04-04T01:08:16.973Z" OperationName="GET /thumbnails/auto/{path}" PolicyAvailable="true" ServiceKey="uddi:128767cd-d6a1-11e4-9a5e-8f28bc3f91d0" WsdlOperationName="GET__thumbnails_auto__path_"><NextHopOperation InterfaceName="{https://api.dropbox.com/1}Dropbox_Core_API_PortType" OperationKey="27fc24ba-d934-11e4-bf6a-a4a38b3f0e82" OperationLastUpdatedAt="2015-04-04T02:03:02.450Z" OperationName="GET /thumbnails/auto/{path}" ServiceKey="uddi:9da8a9b9-946d-11e4-94e2-a14729683414" ServiceName="Dropbox_Core_API" WsdlOperationName="GET__thumbnails_auto__path_"/></LogicalOperation><LogicalOperation InterfaceName="{https://api.dropbox.com/1}Dropbox_Core_API_PortType" ManagementState="Enabled" NextHopOperationKey="uddi:9da8a9b9-946d-11e4-94e2-a14729683414$$${https://api.dropbox.com/1}Dropbox_Core_API_PortType$$$POST__delta_auto__path_" NextHopOperationName="POST /delta/auto/{path}" NextHopServiceKey="uddi:9da8a9b9-946d-11e4-94e2-a14729683414" NextHopServiceName="Dropbox_Core_API" NumOfVirtualizedOperations="0" OperationKey="24a0281f-d934-11e4-bf6a-a4a38b3f0e82" OperationLastUpdatedAt="2015-04-04T01:08:16.973Z" OperationName="POST /delta/auto/{path}" PolicyAvailable="true" ServiceKey="uddi:128767cd-d6a1-11e4-9a5e-8f28bc3f91d0" WsdlOperationName="POST__delta_auto__path_"><NextHopOperation InterfaceName="{https://api.dropbox.com/1}Dropbox_Core_API_PortType" OperationKey="27f2fce8-d934-11e4-bf6a-a4a38b3f0e82" OperationLastUpdatedAt="2015-04-04T02:03:02.450Z" OperationName="POST /delta/auto/{path}" ServiceKey="uddi:9da8a9b9-946d-11e4-94e2-a14729683414" ServiceName="Dropbox_Core_API" WsdlOperationName="POST__delta_auto__path_"/></LogicalOperation><LogicalOperation InterfaceName="{https://api.dropbox.com/1}Dropbox_Core_API_PortType" ManagementState="Enabled" NextHopOperationKey="uddi:9da8a9b9-946d-11e4-94e2-a14729683414$$${https://api.dropbox.com/1}Dropbox_Core_API_PortType$$$POST__delta_auto__path__latest_cursor_auto__path_" NextHopOperationName="POST /delta/auto/{path}/latest_cursor/auto/{path}" NextHopServiceKey="uddi:9da8a9b9-946d-11e4-94e2-a14729683414" NextHopServiceName="Dropbox_Core_API" NumOfVirtualizedOperations="0" OperationKey="24a09d51-d934-11e4-bf6a-a4a38b3f0e82" OperationLastUpdatedAt="2015-04-04T01:08:16.973Z" OperationName="POST /delta/auto/{path}/latest_cursor/auto/{path}" PolicyAvailable="true" ServiceKey="uddi:128767cd-d6a1-11e4-9a5e-8f28bc3f91d0" WsdlOperationName="POST__delta_auto__path__latest_cursor_auto__path_"><NextHopOperation InterfaceName="{https://api.dropbox.com/1}Dropbox_Core_API_PortType" OperationKey="27f3721a-d934-11e4-bf6a-a4a38b3f0e82" OperationLastUpdatedAt="2015-04-04T02:03:02.450Z" OperationName="POST /delta/auto/{path}/latest_cursor/auto/{path}" ServiceKey="uddi:9da8a9b9-946d-11e4-94e2-a14729683414" ServiceName="Dropbox_Core_API" WsdlOperationName="POST__delta_auto__path__latest_cursor_auto__path_"/></LogicalOperation><LogicalOperation InterfaceName="{https://api.dropbox.com/1}Dropbox_Core_API_PortType" ManagementState="Enabled" NextHopOperationKey="uddi:9da8a9b9-946d-11e4-94e2-a14729683414$$${https://api.dropbox.com/1}Dropbox_Core_API_PortType$$$POST__fileops_copy" NextHopOperationName="POST /fileops/copy" NextHopServiceKey="uddi:9da8a9b9-946d-11e4-94e2-a14729683414" NextHopServiceName="Dropbox_Core_API" NumOfVirtualizedOperations="0" OperationKey="24afdfa6-d934-11e4-bf6a-a4a38b3f0e82" OperationLastUpdatedAt="2015-04-04T01:08:16.973Z" OperationName="POST /fileops/copy" PolicyAvailable="true" ServiceKey="uddi:128767cd-d6a1-11e4-9a5e-8f28bc3f91d0" WsdlOperationName="POST__fileops_copy"><NextHopOperation InterfaceName="{https://api.dropbox.com/1}Dropbox_Core_API_PortType" OperationKey="27ffa72f-d934-11e4-bf6a-a4a38b3f0e82" OperationLastUpdatedAt="2015-04-04T02:03:02.450Z" OperationName="POST /fileops/copy" ServiceKey="uddi:9da8a9b9-946d-11e4-94e2-a14729683414" ServiceName="Dropbox_Core_API" WsdlOperationName="POST__fileops_copy"/></LogicalOperation><LogicalOperation InterfaceName="{https://api.dropbox.com/1}Dropbox_Core_API_PortType" ManagementState="Enabled" NextHopOperationKey="uddi:9da8a9b9-946d-11e4-94e2-a14729683414$$${https://api.dropbox.com/1}Dropbox_Core_API_PortType$$$POST__fileops_create_folder" NextHopOperationName="POST /fileops/create_folder" NextHopServiceKey="uddi:9da8a9b9-946d-11e4-94e2-a14729683414" NextHopServiceName="Dropbox_Core_API" NumOfVirtualizedOperations="0" OperationKey="24bd743a-d934-11e4-bf6a-a4a38b3f0e82" OperationLastUpdatedAt="2015-04-04T01:08:16.973Z" OperationName="POST /fileops/create_folder" PolicyAvailable="true" ServiceKey="uddi:128767cd-d6a1-11e4-9a5e-8f28bc3f91d0" WsdlOperationName="POST__fileops_create_folder"><NextHopOperation InterfaceName="{https://api.dropbox.com/1}Dropbox_Core_API_PortType" OperationKey="2801f123-d934-11e4-bf6a-a4a38b3f0e82" OperationLastUpdatedAt="2015-04-04T02:03:02.450Z" OperationName="POST /fileops/create_folder" ServiceKey="uddi:9da8a9b9-946d-11e4-94e2-a14729683414" ServiceName="Dropbox_Core_API" WsdlOperationName="POST__fileops_create_folder"/></LogicalOperation><LogicalOperation InterfaceName="{https://api.dropbox.com/1}Dropbox_Core_API_PortType" ManagementState="Enabled" NextHopOperationKey="uddi:9da8a9b9-946d-11e4-94e2-a14729683414$$${https://api.dropbox.com/1}Dropbox_Core_API_PortType$$$POST__fileops_delete" NextHopOperationName="POST /fileops/delete" NextHopServiceKey="uddi:9da8a9b9-946d-11e4-94e2-a14729683414" NextHopServiceName="Dropbox_Core_API" NumOfVirtualizedOperations="0" OperationKey="24b0a2f8-d934-11e4-bf6a-a4a38b3f0e82" OperationLastUpdatedAt="2015-04-04T01:08:16.973Z" OperationName="POST /fileops/delete" PolicyAvailable="true" ServiceKey="uddi:128767cd-d6a1-11e4-9a5e-8f28bc3f91d0" WsdlOperationName="POST__fileops_delete"><NextHopOperation InterfaceName="{https://api.dropbox.com/1}Dropbox_Core_API_PortType" OperationKey="28017bf1-d934-11e4-bf6a-a4a38b3f0e82" OperationLastUpdatedAt="2015-04-04T02:03:02.450Z" OperationName="POST /fileops/delete" ServiceKey="uddi:9da8a9b9-946d-11e4-94e2-a14729683414" ServiceName="Dropbox_Core_API" WsdlOperationName="POST__fileops_delete"/></LogicalOperation><LogicalOperation InterfaceName="{https://api.dropbox.com/1}Dropbox_Core_API_PortType" ManagementState="Enabled" NextHopOperationKey="uddi:9da8a9b9-946d-11e4-94e2-a14729683414$$${https://api.dropbox.com/1}Dropbox_Core_API_PortType$$$POST__fileops_move" NextHopOperationName="POST /fileops/move" NextHopServiceKey="uddi:9da8a9b9-946d-11e4-94e2-a14729683414" NextHopServiceName="Dropbox_Core_API" NumOfVirtualizedOperations="0" OperationKey="24be107c-d934-11e4-bf6a-a4a38b3f0e82" OperationLastUpdatedAt="2015-04-04T01:08:16.973Z" OperationName="POST /fileops/move" PolicyAvailable="true" ServiceKey="uddi:128767cd-d6a1-11e4-9a5e-8f28bc3f91d0" WsdlOperationName="POST__fileops_move"><NextHopOperation InterfaceName="{https://api.dropbox.com/1}Dropbox_Core_API_PortType" OperationKey="28026655-d934-11e4-bf6a-a4a38b3f0e82" OperationLastUpdatedAt="2015-04-04T02:03:02.450Z" OperationName="POST /fileops/move" ServiceKey="uddi:9da8a9b9-946d-11e4-94e2-a14729683414" ServiceName="Dropbox_Core_API" WsdlOperationName="POST__fileops_move"/></LogicalOperation><LogicalOperation InterfaceName="{https://api.dropbox.com/1}Dropbox_Core_API_PortType" ManagementState="Enabled" NextHopOperationKey="uddi:9da8a9b9-946d-11e4-94e2-a14729683414$$${https://api.dropbox.com/1}Dropbox_Core_API_PortType$$$POST__media_auto__path_" NextHopOperationName="POST /media/auto/{path}" NextHopServiceKey="uddi:9da8a9b9-946d-11e4-94e2-a14729683414" NextHopServiceName="Dropbox_Core_API" NumOfVirtualizedOperations="0" OperationKey="24a6deed-d934-11e4-bf6a-a4a38b3f0e82" OperationLastUpdatedAt="2015-04-04T01:08:16.973Z" OperationName="POST /media/auto/{path}" PolicyAvailable="true" ServiceKey="uddi:128767cd-d6a1-11e4-9a5e-8f28bc3f91d0" WsdlOperationName="POST__media_auto__path_"><NextHopOperation InterfaceName="{https://api.dropbox.com/1}Dropbox_Core_API_PortType" OperationKey="27fb1346-d934-11e4-bf6a-a4a38b3f0e82" OperationLastUpdatedAt="2015-04-04T02:03:02.450Z" OperationName="POST /media/auto/{path}" ServiceKey="uddi:9da8a9b9-946d-11e4-94e2-a14729683414" ServiceName="Dropbox_Core_API" WsdlOperationName="POST__media_auto__path_"/></LogicalOperation><LogicalOperation InterfaceName="{https://api.dropbox.com/1}Dropbox_Core_API_PortType" ManagementState="Enabled" NextHopOperationKey="uddi:9da8a9b9-946d-11e4-94e2-a14729683414$$${https://api.dropbox.com/1}Dropbox_Core_API_PortType$$$POST__oauth2_token" NextHopOperationName="POST /oauth2/token" NextHopServiceKey="uddi:9da8a9b9-946d-11e4-94e2-a14729683414" NextHopServiceName="Dropbox_Core_API" NumOfVirtualizedOperations="0" OperationKey="24974e78-d934-11e4-bf6a-a4a38b3f0e82" OperationLastUpdatedAt="2015-04-04T01:08:16.973Z" OperationName="POST /oauth2/token" PolicyAvailable="true" ServiceKey="uddi:128767cd-d6a1-11e4-9a5e-8f28bc3f91d0" WsdlOperationName="POST__oauth2_token"><NextHopOperation InterfaceName="{https://api.dropbox.com/1}Dropbox_Core_API_PortType" OperationKey="27eda5b1-d934-11e4-bf6a-a4a38b3f0e82" OperationLastUpdatedAt="2015-04-04T02:03:02.450Z" OperationName="POST /oauth2/token" ServiceKey="uddi:9da8a9b9-946d-11e4-94e2-a14729683414" ServiceName="Dropbox_Core_API" WsdlOperationName="POST__oauth2_token"/></LogicalOperation><LogicalOperation InterfaceName="{https://api.dropbox.com/1}Dropbox_Core_API_PortType" ManagementState="Enabled" NextHopOperationKey="uddi:9da8a9b9-946d-11e4-94e2-a14729683414$$${https://api.dropbox.com/1}Dropbox_Core_API_PortType$$$POST__restore_auto__path_" NextHopOperationName="POST /restore/auto/{path}" NextHopServiceKey="uddi:9da8a9b9-946d-11e4-94e2-a14729683414" NextHopServiceName="Dropbox_Core_API" NumOfVirtualizedOperations="0" OperationKey="24a2e745-d934-11e4-bf6a-a4a38b3f0e82" OperationLastUpdatedAt="2015-04-04T01:08:16.973Z" OperationName="POST /restore/auto/{path}" PolicyAvailable="true" ServiceKey="uddi:128767cd-d6a1-11e4-9a5e-8f28bc3f91d0" WsdlOperationName="POST__restore_auto__path_"><NextHopOperation InterfaceName="{https://api.dropbox.com/1}Dropbox_Core_API_PortType" OperationKey="27f5e31e-d934-11e4-bf6a-a4a38b3f0e82" OperationLastUpdatedAt="2015-04-04T02:03:02.450Z" OperationName="POST /restore/auto/{path}" ServiceKey="uddi:9da8a9b9-946d-11e4-94e2-a14729683414" ServiceName="Dropbox_Core_API" WsdlOperationName="POST__restore_auto__path_"/></LogicalOperation><LogicalOperation InterfaceName="{https://api.dropbox.com/1}Dropbox_Core_API_PortType" ManagementState="Enabled" NextHopOperationKey="uddi:9da8a9b9-946d-11e4-94e2-a14729683414$$${https://api.dropbox.com/1}Dropbox_Core_API_PortType$$$POST__search_auto__path_" NextHopOperationName="POST /search/auto/{path}" NextHopServiceKey="uddi:9da8a9b9-946d-11e4-94e2-a14729683414" NextHopServiceName="Dropbox_Core_API" NumOfVirtualizedOperations="0" OperationKey="24a5cd79-d934-11e4-bf6a-a4a38b3f0e82" OperationLastUpdatedAt="2015-04-04T01:08:16.973Z" OperationName="POST /search/auto/{path}" PolicyAvailable="true" ServiceKey="uddi:128767cd-d6a1-11e4-9a5e-8f28bc3f91d0" WsdlOperationName="POST__search_auto__path_"><NextHopOperation InterfaceName="{https://api.dropbox.com/1}Dropbox_Core_API_PortType" OperationKey="27f8c952-d934-11e4-bf6a-a4a38b3f0e82" OperationLastUpdatedAt="2015-04-04T02:03:02.450Z" OperationName="POST /search/auto/{path}" ServiceKey="uddi:9da8a9b9-946d-11e4-94e2-a14729683414" ServiceName="Dropbox_Core_API" WsdlOperationName="POST__search_auto__path_"/></LogicalOperation><LogicalOperation InterfaceName="{https://api.dropbox.com/1}Dropbox_Core_API_PortType" ManagementState="Enabled" NextHopOperationKey="uddi:9da8a9b9-946d-11e4-94e2-a14729683414$$${https://api.dropbox.com/1}Dropbox_Core_API_PortType$$$POST__shares_auto__path_" NextHopOperationName="POST /shares/auto/{path}" NextHopServiceKey="uddi:9da8a9b9-946d-11e4-94e2-a14729683414" NextHopServiceName="Dropbox_Core_API" NumOfVirtualizedOperations="0" OperationKey="24a642ab-d934-11e4-bf6a-a4a38b3f0e82" OperationLastUpdatedAt="2015-04-04T01:08:16.973Z" OperationName="POST /shares/auto/{path}" PolicyAvailable="true" ServiceKey="uddi:128767cd-d6a1-11e4-9a5e-8f28bc3f91d0" WsdlOperationName="POST__shares_auto__path_"><NextHopOperation InterfaceName="{https://api.dropbox.com/1}Dropbox_Core_API_PortType" OperationKey="27f93e84-d934-11e4-bf6a-a4a38b3f0e82" OperationLastUpdatedAt="2015-04-04T02:03:02.450Z" OperationName="POST /shares/auto/{path}" ServiceKey="uddi:9da8a9b9-946d-11e4-94e2-a14729683414" ServiceName="Dropbox_Core_API" WsdlOperationName="POST__shares_auto__path_"/></LogicalOperation></Operations></VirtualService><ns4:businessService businessKey="uddi:66bb0967-d687-11e4-92ed-9e265b7021d0" serviceKey="uddi:128767cd-d6a1-11e4-9a5e-8f28bc3f91d0"><ns4:name>Dropbox_Core_API_vs0</ns4:name><ns4:bindingTemplates><ns4:bindingTemplate bindingKey="uddi:29c28d13-d934-11e4-bf6a-a4a38b3f0e82" serviceKey="uddi:128767cd-d6a1-11e4-9a5e-8f28bc3f91d0"><ns4:accessPoint useType="endPoint">http://10.150.53.83:9905/dropbox_hook</ns4:accessPoint><ns4:tModelInstanceDetails><ns4:tModelInstanceInfo tModelKey="uddi:9f324224-2698-40e8-623e-b14e34cde6a0"><ns4:description>The wsdl:binding that this wsdl:port implements. The instanceParms specifies the port local name.</ns4:description><ns4:instanceDetails><ns4:instanceParms>HTTP</ns4:instanceParms></ns4:instanceDetails></ns4:tModelInstanceInfo><ns4:tModelInstanceInfo tModelKey="uddi:abb0e9ed-97ea-6f9d-6aff-dddc7fc24bad"><ns4:description>The wsdl:portType that this wsdl:port implements.</ns4:description></ns4:tModelInstanceInfo></ns4:tModelInstanceDetails><ns4:categoryBag><ns4:keyedReference keyName="WSDL type" keyValue="port" tModelKey="uddi:uddi.org:wsdl:types"/><ns4:keyedReferenceGroup tModelKey="uddi:soa.com:serviceendpoint:group"><ns4:keyedReference keyName="containerKey" keyValue="283b5d7c-b1dc-456d-ad3d-98cb1fc5" tModelKey="uddi:soa.com:serviceendpoint:containername"/><ns4:keyedReference keyName="listenerName" keyValue="default-http0" tModelKey="uddi:soa.com:serviceendpoint:listenername"/></ns4:keyedReferenceGroup></ns4:categoryBag></ns4:bindingTemplate><ns4:bindingTemplate bindingKey="uddi:9f091593-d993-11e4-8650-c068bd1143dc" serviceKey="uddi:128767cd-d6a1-11e4-9a5e-8f28bc3f91d0"><ns4:accessPoint useType="endPoint">https://10.150.53.83:9943/dropbox_hook</ns4:accessPoint><ns4:tModelInstanceDetails><ns4:tModelInstanceInfo tModelKey="uddi:9f324224-2698-40e8-623e-b14e34cde6a0"><ns4:description>The wsdl:binding that this wsdl:port implements. The instanceParms specifies the port local name.</ns4:description><ns4:instanceDetails><ns4:instanceParms>Dropbox_Core_API_Bindingdefaul-https0283b5d7c-b1dc-456d-ad3d-98cb1fc5</ns4:instanceParms></ns4:instanceDetails></ns4:tModelInstanceInfo><ns4:tModelInstanceInfo tModelKey="uddi:abb0e9ed-97ea-6f9d-6aff-dddc7fc24bad"><ns4:description>The wsdl:portType that this wsdl:port implements.</ns4:description></ns4:tModelInstanceInfo></ns4:tModelInstanceDetails><ns4:categoryBag><ns4:keyedReference keyName="WSDL type" keyValue="port" tModelKey="uddi:uddi.org:wsdl:types"/><ns4:keyedReferenceGroup tModelKey="uddi:soa.com:serviceendpoint:group"><ns4:keyedReference keyName="containerKey" keyValue="283b5d7c-b1dc-456d-ad3d-98cb1fc5" tModelKey="uddi:soa.com:serviceendpoint:containername"/><ns4:keyedReference keyName="listenerName" keyValue="defaul-https0" tModelKey="uddi:soa.com:serviceendpoint:listenername"/></ns4:keyedReferenceGroup></ns4:categoryBag></ns4:bindingTemplate></ns4:bindingTemplates><ns4:categoryBag><ns4:keyedReference keyName="Virtual Service" keyValue="Virtual Service" tModelKey="uddi:digev.com:categorization:services"/><ns4:keyedReference keyName="Staging" keyValue="Staging" tModelKey="uddi:soa.com:servicelifecyclestage"/><ns4:keyedReference keyName="WSDL type" keyValue="service" tModelKey="uddi:uddi.org:wsdl:types"/><ns4:keyedReference keyName="service namespace" keyValue="https://api.dropbox.com/1" tModelKey="uddi:uddi.org:xml:namespace"/><ns4:keyedReference keyName="service local name" keyValue="Dropbox_Core_API_vs0" tModelKey="uddi:uddi.org:xml:localname"/><ns4:keyedReference keyName="Managed Service" keyValue="Managed Service" tModelKey="uddi:digev.com:categorization:services"/><ns4:keyedReferenceGroup tModelKey="uddi:soa.com:service:group"/></ns4:categoryBag></ns4:businessService><ns8:ExportServiceEndpoint><ns7:ServiceEndpoint><ns7:ServiceKey>uddi:128767cd-d6a1-11e4-9a5e-8f28bc3f91d0</ns7:ServiceKey><ns7:Name>uddi:29c28d13-d934-11e4-bf6a-a4a38b3f0e82</ns7:Name><ns7:Url>http://10.150.53.83:9905/dropbox_hook</ns7:Url><ns7:BindingQName>{https://api.dropbox.com/1}Dropbox_Core_API_Binding</ns7:BindingQName><ns7:PortName>HTTP</ns7:PortName><ns7:Protocol>http</ns7:Protocol><ns7:ContainerKey>283b5d7c-b1dc-456d-ad3d-98cb1fc5</ns7:ContainerKey><ns7:ListenerName>default-http0</ns7:ListenerName></ns7:ServiceEndpoint><ns8:EndpointWsdlUri>wsdls/uddi_29c28d13-d934-11e4-bf6a-a4a38b3f0e82.wsdl</ns8:EndpointWsdlUri></ns8:ExportServiceEndpoint><ns8:ExportServiceEndpoint><ns7:ServiceEndpoint><ns7:ServiceKey>uddi:128767cd-d6a1-11e4-9a5e-8f28bc3f91d0</ns7:ServiceKey><ns7:Name>uddi:9f091593-d993-11e4-8650-c068bd1143dc</ns7:Name><ns7:Url>https://10.150.53.83:9943/dropbox_hook</ns7:Url><ns7:BindingQName>{https://api.dropbox.com/1}Dropbox_Core_API_Binding</ns7:BindingQName><ns7:PortName>Dropbox_Core_API_Bindingdefaul-https0283b5d7c-b1dc-456d-ad3d-98cb1fc5</ns7:PortName><ns7:Protocol>https</ns7:Protocol><ns7:ContainerKey>283b5d7c-b1dc-456d-ad3d-98cb1fc5</ns7:ContainerKey><ns7:ListenerName>defaul-https0</ns7:ListenerName></ns7:ServiceEndpoint><ns8:EndpointWsdlUri>wsdls/uddi_9f091593-d993-11e4-8650-c068bd1143dc.wsdl</ns8:EndpointWsdlUri></ns8:ExportServiceEndpoint><ns8:BpelUri>services/uddi_128767cd-d6a1-11e4-9a5e-8f28bc3f91d0/bpel.xml</ns8:BpelUri><ns8:ManagementUri>services/uddi_128767cd-d6a1-11e4-9a5e-8f28bc3f91d0/management.xml</ns8:ManagementUri></ns8:ExportService></ns8:ExportObjectConfiguration><ns8:ExportObjectConfiguration><ns2:ServiceKey><ns2:Key>uddi:3dcad83e-946c-11e4-94e2-a14729683414</ns2:Key><ns2:ServiceQName>{https://api.box.com/2.0}Dropbox_Notify_API</ns2:ServiceQName></ns2:ServiceKey><ns8:ExportService><PhysicalService BusinessKey="uddi:66bb0967-d687-11e4-92ed-9e265b7021d0" Discovered="false" ServiceKey="uddi:3dcad83e-946c-11e4-94e2-a14729683414" WsdlServiceLocalName="Dropbox_Notify_API" WsdlTargetNamespaceUrl="https://api.box.com/2.0"><Name>Dropbox_Notify_API</Name><Description></Description><Operations><Operation InterfaceName="{https://api.box.com/2.0}Dropbox_Notify_API_PortType" ManagementState="Enabled" NumOfVirtualizedOperations="0" OperationKey="2564b0d5-d934-11e4-bf6a-a4a38b3f0e82" OperationLastUpdatedAt="2015-04-02T12:31:23.847Z" OperationName="GET /longpoll_delta" PolicyAvailable="true" ServiceKey="uddi:3dcad83e-946c-11e4-94e2-a14729683414" WsdlOperationName="GET__longpoll_delta"/></Operations></PhysicalService><ns4:businessService businessKey="uddi:66bb0967-d687-11e4-92ed-9e265b7021d0" serviceKey="uddi:3dcad83e-946c-11e4-94e2-a14729683414"><ns4:name>Dropbox_Notify_API</ns4:name><ns4:bindingTemplates><ns4:bindingTemplate bindingKey="uddi:3e015195-946c-11e4-94e2-a14729683414" serviceKey="uddi:3dcad83e-946c-11e4-94e2-a14729683414"><ns4:accessPoint useType="endPoint">https://api.box.com/2.0</ns4:accessPoint><ns4:tModelInstanceDetails><ns4:tModelInstanceInfo tModelKey="uddi:2e90c080-b1e1-651c-f941-9a8773d18cdd"><ns4:description>The wsdl:binding that this wsdl:port implements. The instanceParms specifies the port local name.</ns4:description><ns4:instanceDetails><ns4:instanceParms>Dropbox_Notify_API_port</ns4:instanceParms></ns4:instanceDetails></ns4:tModelInstanceInfo><ns4:tModelInstanceInfo tModelKey="uddi:a0f75e08-f2cc-ffd2-8b87-05a6859bcafd"><ns4:description>The wsdl:portType that this wsdl:port implements.</ns4:description></ns4:tModelInstanceInfo></ns4:tModelInstanceDetails><ns4:categoryBag><ns4:keyedReference keyName="WSDL type" keyValue="port" tModelKey="uddi:uddi.org:wsdl:types"/></ns4:categoryBag></ns4:bindingTemplate></ns4:bindingTemplates><ns4:categoryBag><ns4:keyedReference keyName="Staging" keyValue="Staging" tModelKey="uddi:soa.com:servicelifecyclestage"/><ns4:keyedReference keyName="WSDL type" keyValue="service" tModelKey="uddi:uddi.org:wsdl:types"/><ns4:keyedReference keyName="service namespace" keyValue="https://api.box.com/2.0" tModelKey="uddi:uddi.org:xml:namespace"/><ns4:keyedReference keyName="service local name" keyValue="Dropbox_Notify_API" tModelKey="uddi:uddi.org:xml:localname"/><ns4:keyedReference keyName="1.0" keyValue="ed9abc16-1660-44aa-867d-58a51adb161b" tModelKey="uddi:soa.com:serviceversion"/><ns4:keyedReferenceGroup tModelKey="uddi:soa.com:service:group"/></ns4:categoryBag></ns4:businessService><ns8:ExportServiceEndpoint><ns7:ServiceEndpoint><ns7:ServiceKey>uddi:3dcad83e-946c-11e4-94e2-a14729683414</ns7:ServiceKey><ns7:Name>uddi:3e015195-946c-11e4-94e2-a14729683414</ns7:Name><ns7:Url>https://api.box.com/2.0</ns7:Url><ns7:BindingQName>{https://api.box.com/2.0}Dropbox_Notify_API_Binding</ns7:BindingQName><ns7:PortName>Dropbox_Notify_API_port</ns7:PortName><ns7:Protocol>https</ns7:Protocol></ns7:ServiceEndpoint><ns8:EndpointWsdlUri>wsdls/uddi_3e015195-946c-11e4-94e2-a14729683414.wsdl</ns8:EndpointWsdlUri></ns8:ExportServiceEndpoint></ns8:ExportService></ns8:ExportObjectConfiguration><ns8:ExportObjectConfiguration><ns2:ServiceKey><ns2:Key>uddi:4a9cbea7-d688-11e4-92ed-9e265b7021d0</ns2:Key><ns2:ServiceQName>{http://win7-64-vm:9905/dropbox_hook}Dropbox_API_Hook_Re-Direct</ns2:ServiceQName></ns2:ServiceKey><ns8:ExportService><VirtualService BusinessKey="uddi:66bb0967-d687-11e4-92ed-9e265b7021d0" ServiceKey="uddi:4a9cbea7-d688-11e4-92ed-9e265b7021d0" WsdlServiceLocalName="Dropbox_API_Hook_Re-Direct" WsdlTargetNamespaceUrl="http://win7-64-vm:9905/dropbox_hook"><Name>Dropbox_API_Hook_Re-Direct</Name><Description></Description><Operations><LogicalOperation InterfaceName="{http://win7-64-vm:9905/dropbox_hook}Dropbox_API_Hook_Re-Direct_PortType" ManagementState="Enabled" NextHopOperationKey="uddi:9da8a9b9-946d-11e4-94e2-a14729683414$$${https://api.dropbox.com/1}Dropbox_Core_API_PortType$$$POST__oauth2_token" NextHopOperationName="POST /oauth2/token" NextHopServiceKey="uddi:9da8a9b9-946d-11e4-94e2-a14729683414" NextHopServiceName="Dropbox_Core_API" NumOfVirtualizedOperations="0" OperationKey="2789b3bc-d934-11e4-bf6a-a4a38b3f0e82" OperationLastUpdatedAt="2015-04-04T02:03:29.627Z" OperationName="GET /auth_success" PolicyAvailable="true" ServiceKey="uddi:4a9cbea7-d688-11e4-92ed-9e265b7021d0" WsdlOperationName="GET__auth_success"><NextHopOperation InterfaceName="{https://api.dropbox.com/1}Dropbox_Core_API_PortType" OperationKey="27eda5b1-d934-11e4-bf6a-a4a38b3f0e82" OperationLastUpdatedAt="2015-04-04T02:03:02.450Z" OperationName="POST /oauth2/token" ServiceKey="uddi:9da8a9b9-946d-11e4-94e2-a14729683414" ServiceName="Dropbox_Core_API" WsdlOperationName="POST__oauth2_token"/></LogicalOperation></Operations></VirtualService><ns4:businessService businessKey="uddi:66bb0967-d687-11e4-92ed-9e265b7021d0" serviceKey="uddi:4a9cbea7-d688-11e4-92ed-9e265b7021d0"><ns4:name>Dropbox_API_Hook_Re-Direct</ns4:name><ns4:bindingTemplates><ns4:bindingTemplate bindingKey="uddi:2cbc1e04-d934-11e4-bf6a-a4a38b3f0e82" serviceKey="uddi:4a9cbea7-d688-11e4-92ed-9e265b7021d0"><ns4:accessPoint useType="endPoint">http://10.150.53.83:9905/dropbox_hook</ns4:accessPoint><ns4:tModelInstanceDetails><ns4:tModelInstanceInfo tModelKey="uddi:3a287c48-f2cf-9097-da97-882f2bb13a36"><ns4:description>The wsdl:binding that this wsdl:port implements. The instanceParms specifies the port local name.</ns4:description><ns4:instanceDetails><ns4:instanceParms>HTTP</ns4:instanceParms></ns4:instanceDetails></ns4:tModelInstanceInfo><ns4:tModelInstanceInfo tModelKey="uddi:769c8b1f-7dc1-584c-afa5-1799f32913e2"><ns4:description>The wsdl:portType that this wsdl:port implements.</ns4:description></ns4:tModelInstanceInfo></ns4:tModelInstanceDetails><ns4:categoryBag><ns4:keyedReference keyName="WSDL type" keyValue="port" tModelKey="uddi:uddi.org:wsdl:types"/><ns4:keyedReferenceGroup tModelKey="uddi:soa.com:serviceendpoint:group"><ns4:keyedReference keyName="containerKey" keyValue="283b5d7c-b1dc-456d-ad3d-98cb1fc5" tModelKey="uddi:soa.com:serviceendpoint:containername"/><ns4:keyedReference keyName="listenerName" keyValue="default-http0" tModelKey="uddi:soa.com:serviceendpoint:listenername"/></ns4:keyedReferenceGroup></ns4:categoryBag></ns4:bindingTemplate><ns4:bindingTemplate bindingKey="uddi:9f392644-d993-11e4-8650-c068bd1143dc" serviceKey="uddi:4a9cbea7-d688-11e4-92ed-9e265b7021d0"><ns4:accessPoint useType="endPoint">https://10.150.53.83:9943/dropbox_hook</ns4:accessPoint><ns4:tModelInstanceDetails><ns4:tModelInstanceInfo tModelKey="uddi:3a287c48-f2cf-9097-da97-882f2bb13a36"><ns4:description>The wsdl:binding that this wsdl:port implements. The instanceParms specifies the port local name.</ns4:description><ns4:instanceDetails><ns4:instanceParms>Dropbox_API_Hook_Re-Direct_Bindingdefaul-https0283b5d7c-b1dc-456d-ad3d-98cb1fc5</ns4:instanceParms></ns4:instanceDetails></ns4:tModelInstanceInfo><ns4:tModelInstanceInfo tModelKey="uddi:769c8b1f-7dc1-584c-afa5-1799f32913e2"><ns4:description>The wsdl:portType that this wsdl:port implements.</ns4:description></ns4:tModelInstanceInfo></ns4:tModelInstanceDetails><ns4:categoryBag><ns4:keyedReference keyName="WSDL type" keyValue="port" tModelKey="uddi:uddi.org:wsdl:types"/><ns4:keyedReferenceGroup tModelKey="uddi:soa.com:serviceendpoint:group"><ns4:keyedReference keyName="containerKey" keyValue="283b5d7c-b1dc-456d-ad3d-98cb1fc5" tModelKey="uddi:soa.com:serviceendpoint:containername"/><ns4:keyedReference keyName="listenerName" keyValue="defaul-https0" tModelKey="uddi:soa.com:serviceendpoint:listenername"/></ns4:keyedReferenceGroup></ns4:categoryBag></ns4:bindingTemplate></ns4:bindingTemplates><ns4:categoryBag><ns4:keyedReference keyName="Virtual Service" keyValue="Virtual Service" tModelKey="uddi:digev.com:categorization:services"/><ns4:keyedReference keyName="Staging" keyValue="Staging" tModelKey="uddi:soa.com:servicelifecyclestage"/><ns4:keyedReference keyName="WSDL type" keyValue="service" tModelKey="uddi:uddi.org:wsdl:types"/><ns4:keyedReference keyName="service namespace" keyValue="http://win7-64-vm:9905/dropbox_hook" tModelKey="uddi:uddi.org:xml:namespace"/><ns4:keyedReference keyName="service local name" keyValue="Dropbox_API_Hook_Re-Direct" tModelKey="uddi:uddi.org:xml:localname"/><ns4:keyedReference keyName="Managed Service" keyValue="Managed Service" tModelKey="uddi:digev.com:categorization:services"/><ns4:keyedReferenceGroup tModelKey="uddi:soa.com:service:group"/></ns4:categoryBag></ns4:businessService><ns8:ExportServiceEndpoint><ns7:ServiceEndpoint><ns7:ServiceKey>uddi:4a9cbea7-d688-11e4-92ed-9e265b7021d0</ns7:ServiceKey><ns7:Name>uddi:2cbc1e04-d934-11e4-bf6a-a4a38b3f0e82</ns7:Name><ns7:Url>http://10.150.53.83:9905/dropbox_hook</ns7:Url><ns7:BindingQName>{http://win7-64-vm:9905/dropbox_hook}Dropbox_API_Hook_Re-Direct_Binding</ns7:BindingQName><ns7:PortName>HTTP</ns7:PortName><ns7:Protocol>http</ns7:Protocol><ns7:ContainerKey>283b5d7c-b1dc-456d-ad3d-98cb1fc5</ns7:ContainerKey><ns7:ListenerName>default-http0</ns7:ListenerName></ns7:ServiceEndpoint><ns8:EndpointWsdlUri>wsdls/uddi_2cbc1e04-d934-11e4-bf6a-a4a38b3f0e82.wsdl</ns8:EndpointWsdlUri></ns8:ExportServiceEndpoint><ns8:ExportServiceEndpoint><ns7:ServiceEndpoint><ns7:ServiceKey>uddi:4a9cbea7-d688-11e4-92ed-9e265b7021d0</ns7:ServiceKey><ns7:Name>uddi:9f392644-d993-11e4-8650-c068bd1143dc</ns7:Name><ns7:Url>https://10.150.53.83:9943/dropbox_hook</ns7:Url><ns7:BindingQName>{http://win7-64-vm:9905/dropbox_hook}Dropbox_API_Hook_Re-Direct_Binding</ns7:BindingQName><ns7:PortName>Dropbox_API_Hook_Re-Direct_Bindingdefaul-https0283b5d7c-b1dc-456d-ad3d-98cb1fc5</ns7:PortName><ns7:Protocol>https</ns7:Protocol><ns7:ContainerKey>283b5d7c-b1dc-456d-ad3d-98cb1fc5</ns7:ContainerKey><ns7:ListenerName>defaul-https0</ns7:ListenerName></ns7:ServiceEndpoint><ns8:EndpointWsdlUri>wsdls/uddi_9f392644-d993-11e4-8650-c068bd1143dc.wsdl</ns8:EndpointWsdlUri></ns8:ExportServiceEndpoint><ns8:BpelUri>services/uddi_4a9cbea7-d688-11e4-92ed-9e265b7021d0/bpel.xml</ns8:BpelUri><ns8:ManagementUri>services/uddi_4a9cbea7-d688-11e4-92ed-9e265b7021d0/management.xml</ns8:ManagementUri></ns8:ExportService></ns8:ExportObjectConfiguration><ns8:ExportObjectConfiguration><ns2:ServiceKey><ns2:Key>uddi:9da8a9b9-946d-11e4-94e2-a14729683414</ns2:Key><ns2:ServiceQName>{https://api.dropbox.com/1}Dropbox_Core_API</ns2:ServiceQName></ns2:ServiceKey><ns8:ExportService><PhysicalService BusinessKey="uddi:66bb0967-d687-11e4-92ed-9e265b7021d0" Discovered="false" ServiceKey="uddi:9da8a9b9-946d-11e4-94e2-a14729683414" WsdlServiceLocalName="Dropbox_Core_API" WsdlTargetNamespaceUrl="https://api.dropbox.com/1"><Name>Dropbox_Core_API</Name><Description></Description><Operations><Operation InterfaceName="{https://api.dropbox.com/1}Dropbox_Core_API_PortType" ManagementState="Enabled" NumOfVirtualizedOperations="2" OperationKey="27f0b2f4-d934-11e4-bf6a-a4a38b3f0e82" OperationLastUpdatedAt="2015-04-04T02:03:02.450Z" OperationName="GET /account/info" PolicyAvailable="true" ServiceKey="uddi:9da8a9b9-946d-11e4-94e2-a14729683414" WsdlOperationName="GET__account_info"/><Operation InterfaceName="{https://api.dropbox.com/1}Dropbox_Core_API_PortType" ManagementState="Enabled" NumOfVirtualizedOperations="1" OperationKey="27fbaf88-d934-11e4-bf6a-a4a38b3f0e82" OperationLastUpdatedAt="2015-04-04T02:03:02.450Z" OperationName="GET /copy_ref/auto/{path}" PolicyAvailable="true" ServiceKey="uddi:9da8a9b9-946d-11e4-94e2-a14729683414" WsdlOperationName="GET__copy_ref_auto__path_"/><Operation InterfaceName="{https://api.dropbox.com/1}Dropbox_Core_API_PortType" ManagementState="Enabled" NumOfVirtualizedOperations="1" OperationKey="27f287b6-d934-11e4-bf6a-a4a38b3f0e82" OperationLastUpdatedAt="2015-04-04T02:03:02.450Z" OperationName="GET /metadata/auto/{path}" PolicyAvailable="true" ServiceKey="uddi:9da8a9b9-946d-11e4-94e2-a14729683414" WsdlOperationName="GET__metadata_auto__path_"/><Operation InterfaceName="{https://api.dropbox.com/1}Dropbox_Core_API_PortType" ManagementState="Enabled" NumOfVirtualizedOperations="1" OperationKey="27f03dc3-d934-11e4-bf6a-a4a38b3f0e82" OperationLastUpdatedAt="2015-04-04T02:03:02.450Z" OperationName="GET /oauth2/authorize" PolicyAvailable="true" ServiceKey="uddi:9da8a9b9-946d-11e4-94e2-a14729683414" WsdlOperationName="GET__oauth2_authorize"/><Operation InterfaceName="{https://api.dropbox.com/1}Dropbox_Core_API_PortType" ManagementState="Enabled" NumOfVirtualizedOperations="1" OperationKey="27fc99ec-d934-11e4-bf6a-a4a38b3f0e82" OperationLastUpdatedAt="2015-04-04T02:03:02.450Z" OperationName="GET /previews/auto/{path}" PolicyAvailable="true" ServiceKey="uddi:9da8a9b9-946d-11e4-94e2-a14729683414" WsdlOperationName="GET__previews_auto__path_"/><Operation InterfaceName="{https://api.dropbox.com/1}Dropbox_Core_API_PortType" ManagementState="Enabled" NumOfVirtualizedOperations="1" OperationKey="27f546dc-d934-11e4-bf6a-a4a38b3f0e82" OperationLastUpdatedAt="2015-04-04T02:03:02.450Z" OperationName="GET /revisions/auto/{path}" PolicyAvailable="true" ServiceKey="uddi:9da8a9b9-946d-11e4-94e2-a14729683414" WsdlOperationName="GET__revisions_auto__path_"/><Operation InterfaceName="{https://api.dropbox.com/1}Dropbox_Core_API_PortType" ManagementState="Enabled" NumOfVirtualizedOperations="1" OperationKey="27f65850-d934-11e4-bf6a-a4a38b3f0e82" OperationLastUpdatedAt="2015-04-04T02:03:02.450Z" OperationName="GET /search/auto/{path}" PolicyAvailable="true" ServiceKey="uddi:9da8a9b9-946d-11e4-94e2-a14729683414" WsdlOperationName="GET__search_auto__path_"/><Operation InterfaceName="{https://api.dropbox.com/1}Dropbox_Core_API_PortType" ManagementState="Enabled" NumOfVirtualizedOperations="1" OperationKey="27ff0aed-d934-11e4-bf6a-a4a38b3f0e82" OperationLastUpdatedAt="2015-04-04T02:03:02.450Z" OperationName="GET /shared_folders/{id}" PolicyAvailable="true" ServiceKey="uddi:9da8a9b9-946d-11e4-94e2-a14729683414" WsdlOperationName="GET__shared_folders__id_"/><Operation InterfaceName="{https://api.dropbox.com/1}Dropbox_Core_API_PortType" ManagementState="Enabled" NumOfVirtualizedOperations="1" OperationKey="27fc24ba-d934-11e4-bf6a-a4a38b3f0e82" OperationLastUpdatedAt="2015-04-04T02:03:02.450Z" OperationName="GET /thumbnails/auto/{path}" PolicyAvailable="true" ServiceKey="uddi:9da8a9b9-946d-11e4-94e2-a14729683414" WsdlOperationName="GET__thumbnails_auto__path_"/><Operation InterfaceName="{https://api.dropbox.com/1}Dropbox_Core_API_PortType" ManagementState="Enabled" NumOfVirtualizedOperations="1" OperationKey="27f2fce8-d934-11e4-bf6a-a4a38b3f0e82" OperationLastUpdatedAt="2015-04-04T02:03:02.450Z" OperationName="POST /delta/auto/{path}" PolicyAvailable="true" ServiceKey="uddi:9da8a9b9-946d-11e4-94e2-a14729683414" WsdlOperationName="POST__delta_auto__path_"/><Operation InterfaceName="{https://api.dropbox.com/1}Dropbox_Core_API_PortType" ManagementState="Enabled" NumOfVirtualizedOperations="1" OperationKey="27f3721a-d934-11e4-bf6a-a4a38b3f0e82" OperationLastUpdatedAt="2015-04-04T02:03:02.450Z" OperationName="POST /delta/auto/{path}/latest_cursor/auto/{path}" PolicyAvailable="true" ServiceKey="uddi:9da8a9b9-946d-11e4-94e2-a14729683414" WsdlOperationName="POST__delta_auto__path__latest_cursor_auto__path_"/><Operation InterfaceName="{https://api.dropbox.com/1}Dropbox_Core_API_PortType" ManagementState="Enabled" NumOfVirtualizedOperations="1" OperationKey="27ffa72f-d934-11e4-bf6a-a4a38b3f0e82" OperationLastUpdatedAt="2015-04-04T02:03:02.450Z" OperationName="POST /fileops/copy" PolicyAvailable="true" ServiceKey="uddi:9da8a9b9-946d-11e4-94e2-a14729683414" WsdlOperationName="POST__fileops_copy"/><Operation InterfaceName="{https://api.dropbox.com/1}Dropbox_Core_API_PortType" ManagementState="Enabled" NumOfVirtualizedOperations="1" OperationKey="2801f123-d934-11e4-bf6a-a4a38b3f0e82" OperationLastUpdatedAt="2015-04-04T02:03:02.450Z" OperationName="POST /fileops/create_folder" PolicyAvailable="true" ServiceKey="uddi:9da8a9b9-946d-11e4-94e2-a14729683414" WsdlOperationName="POST__fileops_create_folder"/><Operation InterfaceName="{https://api.dropbox.com/1}Dropbox_Core_API_PortType" ManagementState="Enabled" NumOfVirtualizedOperations="1" OperationKey="28017bf1-d934-11e4-bf6a-a4a38b3f0e82" OperationLastUpdatedAt="2015-04-04T02:03:02.450Z" OperationName="POST /fileops/delete" PolicyAvailable="true" ServiceKey="uddi:9da8a9b9-946d-11e4-94e2-a14729683414" WsdlOperationName="POST__fileops_delete"/><Operation InterfaceName="{https://api.dropbox.com/1}Dropbox_Core_API_PortType" ManagementState="Enabled" NumOfVirtualizedOperations="1" OperationKey="28026655-d934-11e4-bf6a-a4a38b3f0e82" OperationLastUpdatedAt="2015-04-04T02:03:02.450Z" OperationName="POST /fileops/move" PolicyAvailable="true" ServiceKey="uddi:9da8a9b9-946d-11e4-94e2-a14729683414" WsdlOperationName="POST__fileops_move"/><Operation InterfaceName="{https://api.dropbox.com/1}Dropbox_Core_API_PortType" ManagementState="Enabled" NumOfVirtualizedOperations="1" OperationKey="27fb1346-d934-11e4-bf6a-a4a38b3f0e82" OperationLastUpdatedAt="2015-04-04T02:03:02.450Z" OperationName="POST /media/auto/{path}" PolicyAvailable="true" ServiceKey="uddi:9da8a9b9-946d-11e4-94e2-a14729683414" WsdlOperationName="POST__media_auto__path_"/><Operation InterfaceName="{https://api.dropbox.com/1}Dropbox_Core_API_PortType" ManagementState="Enabled" NumOfVirtualizedOperations="2" OperationKey="27eda5b1-d934-11e4-bf6a-a4a38b3f0e82" OperationLastUpdatedAt="2015-04-04T02:03:02.450Z" OperationName="POST /oauth2/token" PolicyAvailable="true" ServiceKey="uddi:9da8a9b9-946d-11e4-94e2-a14729683414" WsdlOperationName="POST__oauth2_token"/><Operation InterfaceName="{https://api.dropbox.com/1}Dropbox_Core_API_PortType" ManagementState="Enabled" NumOfVirtualizedOperations="1" OperationKey="27f5e31e-d934-11e4-bf6a-a4a38b3f0e82" OperationLastUpdatedAt="2015-04-04T02:03:02.450Z" OperationName="POST /restore/auto/{path}" PolicyAvailable="true" ServiceKey="uddi:9da8a9b9-946d-11e4-94e2-a14729683414" WsdlOperationName="POST__restore_auto__path_"/><Operation InterfaceName="{https://api.dropbox.com/1}Dropbox_Core_API_PortType" ManagementState="Enabled" NumOfVirtualizedOperations="1" OperationKey="27f8c952-d934-11e4-bf6a-a4a38b3f0e82" OperationLastUpdatedAt="2015-04-04T02:03:02.450Z" OperationName="POST /search/auto/{path}" PolicyAvailable="true" ServiceKey="uddi:9da8a9b9-946d-11e4-94e2-a14729683414" WsdlOperationName="POST__search_auto__path_"/><Operation InterfaceName="{https://api.dropbox.com/1}Dropbox_Core_API_PortType" ManagementState="Enabled" NumOfVirtualizedOperations="1" OperationKey="27f93e84-d934-11e4-bf6a-a4a38b3f0e82" OperationLastUpdatedAt="2015-04-04T02:03:02.450Z" OperationName="POST /shares/auto/{path}" PolicyAvailable="true" ServiceKey="uddi:9da8a9b9-946d-11e4-94e2-a14729683414" WsdlOperationName="POST__shares_auto__path_"/></Operations></PhysicalService><ns4:businessService businessKey="uddi:66bb0967-d687-11e4-92ed-9e265b7021d0" serviceKey="uddi:9da8a9b9-946d-11e4-94e2-a14729683414"><ns4:name>Dropbox_Core_API</ns4:name><ns4:bindingTemplates><ns4:bindingTemplate bindingKey="uddi:9df7b453-946d-11e4-94e2-a14729683414" serviceKey="uddi:9da8a9b9-946d-11e4-94e2-a14729683414"><ns4:accessPoint useType="endPoint">https://api.dropbox.com/1</ns4:accessPoint><ns4:tModelInstanceDetails><ns4:tModelInstanceInfo tModelKey="uddi:9f324224-2698-40e8-623e-b14e34cde6a0"><ns4:description>The wsdl:binding that this wsdl:port implements. The instanceParms specifies the port local name.</ns4:description><ns4:instanceDetails><ns4:instanceParms>Dropbox_Core_API_port</ns4:instanceParms></ns4:instanceDetails></ns4:tModelInstanceInfo><ns4:tModelInstanceInfo tModelKey="uddi:abb0e9ed-97ea-6f9d-6aff-dddc7fc24bad"><ns4:description>The wsdl:portType that this wsdl:port implements.</ns4:description></ns4:tModelInstanceInfo></ns4:tModelInstanceDetails><ns4:categoryBag><ns4:keyedReference keyName="WSDL type" keyValue="port" tModelKey="uddi:uddi.org:wsdl:types"/></ns4:categoryBag></ns4:bindingTemplate></ns4:bindingTemplates><ns4:categoryBag><ns4:keyedReference keyName="Staging" keyValue="Staging" tModelKey="uddi:soa.com:servicelifecyclestage"/><ns4:keyedReference keyName="WSDL type" keyValue="service" tModelKey="uddi:uddi.org:wsdl:types"/><ns4:keyedReference keyName="service namespace" keyValue="https://api.dropbox.com/1" tModelKey="uddi:uddi.org:xml:namespace"/><ns4:keyedReference keyName="service local name" keyValue="Dropbox_Core_API" tModelKey="uddi:uddi.org:xml:localname"/><ns4:keyedReference keyName="1.0" keyValue="7f654a02-ec0d-4931-81ab-fdb3548a18fe" tModelKey="uddi:soa.com:serviceversion"/><ns4:keyedReferenceGroup tModelKey="uddi:soa.com:service:group"/></ns4:categoryBag></ns4:businessService><ns8:ExportServiceEndpoint><ns7:ServiceEndpoint><ns7:ServiceKey>uddi:9da8a9b9-946d-11e4-94e2-a14729683414</ns7:ServiceKey><ns7:Name>uddi:9df7b453-946d-11e4-94e2-a14729683414</ns7:Name><ns7:Url>https://api.dropbox.com/1</ns7:Url><ns7:BindingQName>{https://api.dropbox.com/1}Dropbox_Core_API_Binding</ns7:BindingQName><ns7:PortName>Dropbox_Core_API_port</ns7:PortName><ns7:Protocol>https</ns7:Protocol></ns7:ServiceEndpoint><ns8:EndpointWsdlUri>wsdls/uddi_9df7b453-946d-11e4-94e2-a14729683414.wsdl</ns8:EndpointWsdlUri></ns8:ExportServiceEndpoint></ns8:ExportService></ns8:ExportObjectConfiguration><ns8:ExportObjectConfiguration><ns2:ServiceKey><ns2:Key>uddi:d7dc680e-da67-11e4-a882-ee1e212fe7c6</ns2:Key><ns2:ServiceQName>{http://win7-64-vm:9905/dropbox_hook}Dropbox_API_Helloworld</ns2:ServiceQName></ns2:ServiceKey><ns8:ExportService><VirtualService BusinessKey="uddi:66bb0967-d687-11e4-92ed-9e265b7021d0" ServiceKey="uddi:d7dc680e-da67-11e4-a882-ee1e212fe7c6" WsdlServiceLocalName="Dropbox_API_Helloworld" WsdlTargetNamespaceUrl="http://win7-64-vm:9905/dropbox_hook"><Name>Dropbox_API_Helloworld</Name><Description></Description><Operations><LogicalOperation InterfaceName="{http://win7-64-vm:9905/dropbox_hook}Dropbox_API_Helloworld_PortType" ManagementState="Enabled" NextHopOperationKey="uddi:9da8a9b9-946d-11e4-94e2-a14729683414$$${https://api.dropbox.com/1}Dropbox_Core_API_PortType$$$GET__account_info" NextHopOperationName="GET /account/info" NextHopServiceKey="uddi:9da8a9b9-946d-11e4-94e2-a14729683414" NextHopServiceName="Dropbox_Core_API" NumOfVirtualizedOperations="0" OperationKey="d82cd203-da67-11e4-a882-ee1e212fe7c6" OperationLastUpdatedAt="2015-04-04T01:15:50.520Z" OperationName="GET /helloworld" PolicyAvailable="true" ServiceKey="uddi:d7dc680e-da67-11e4-a882-ee1e212fe7c6" WsdlOperationName="GET__helloworld"><NextHopOperation InterfaceName="{https://api.dropbox.com/1}Dropbox_Core_API_PortType" OperationKey="27f0b2f4-d934-11e4-bf6a-a4a38b3f0e82" OperationLastUpdatedAt="2015-04-04T02:03:02.450Z" OperationName="GET /account/info" ServiceKey="uddi:9da8a9b9-946d-11e4-94e2-a14729683414" ServiceName="Dropbox_Core_API" WsdlOperationName="GET__account_info"/></LogicalOperation></Operations></VirtualService><ns4:businessService businessKey="uddi:66bb0967-d687-11e4-92ed-9e265b7021d0" serviceKey="uddi:d7dc680e-da67-11e4-a882-ee1e212fe7c6"><ns4:name>Dropbox_API_Helloworld</ns4:name><ns4:bindingTemplates><ns4:bindingTemplate bindingKey="uddi:d85d30d6-da67-11e4-a882-ee1e212fe7c6" serviceKey="uddi:d7dc680e-da67-11e4-a882-ee1e212fe7c6"><ns4:accessPoint useType="endPoint">http://10.150.53.83:9905/dropbox_hook</ns4:accessPoint><ns4:tModelInstanceDetails><ns4:tModelInstanceInfo tModelKey="uddi:e95a29c6-234f-839f-85aa-cae8d75b91fe"><ns4:description>The wsdl:binding that this wsdl:port implements. The instanceParms specifies the port local name.</ns4:description><ns4:instanceDetails><ns4:instanceParms>HTTP</ns4:instanceParms></ns4:instanceDetails></ns4:tModelInstanceInfo><ns4:tModelInstanceInfo tModelKey="uddi:320c61b6-d9b1-e282-3644-7fe9688ac469"><ns4:description>The wsdl:portType that this wsdl:port implements.</ns4:description></ns4:tModelInstanceInfo></ns4:tModelInstanceDetails><ns4:categoryBag><ns4:keyedReference keyName="WSDL type" keyValue="port" tModelKey="uddi:uddi.org:wsdl:types"/><ns4:keyedReferenceGroup tModelKey="uddi:soa.com:serviceendpoint:group"><ns4:keyedReference keyName="containerKey" keyValue="283b5d7c-b1dc-456d-ad3d-98cb1fc5" tModelKey="uddi:soa.com:serviceendpoint:containername"/><ns4:keyedReference keyName="listenerName" keyValue="default-http0" tModelKey="uddi:soa.com:serviceendpoint:listenername"/></ns4:keyedReferenceGroup></ns4:categoryBag></ns4:bindingTemplate><ns4:bindingTemplate bindingKey="uddi:d8671be7-da67-11e4-a882-ee1e212fe7c6" serviceKey="uddi:d7dc680e-da67-11e4-a882-ee1e212fe7c6"><ns4:accessPoint useType="endPoint">https://10.150.53.83:9943/dropbox_hook</ns4:accessPoint><ns4:tModelInstanceDetails><ns4:tModelInstanceInfo tModelKey="uddi:e95a29c6-234f-839f-85aa-cae8d75b91fe"><ns4:description>The wsdl:binding that this wsdl:port implements. The instanceParms specifies the port local name.</ns4:description><ns4:instanceDetails><ns4:instanceParms>HTTPS</ns4:instanceParms></ns4:instanceDetails></ns4:tModelInstanceInfo><ns4:tModelInstanceInfo tModelKey="uddi:320c61b6-d9b1-e282-3644-7fe9688ac469"><ns4:description>The wsdl:portType that this wsdl:port implements.</ns4:description></ns4:tModelInstanceInfo></ns4:tModelInstanceDetails><ns4:categoryBag><ns4:keyedReference keyName="WSDL type" keyValue="port" tModelKey="uddi:uddi.org:wsdl:types"/><ns4:keyedReferenceGroup tModelKey="uddi:soa.com:serviceendpoint:group"><ns4:keyedReference keyName="containerKey" keyValue="283b5d7c-b1dc-456d-ad3d-98cb1fc5" tModelKey="uddi:soa.com:serviceendpoint:containername"/><ns4:keyedReference keyName="listenerName" keyValue="defaul-https0" tModelKey="uddi:soa.com:serviceendpoint:listenername"/></ns4:keyedReferenceGroup></ns4:categoryBag></ns4:bindingTemplate></ns4:bindingTemplates><ns4:categoryBag><ns4:keyedReference keyName="Virtual Service" keyValue="Virtual Service" tModelKey="uddi:digev.com:categorization:services"/><ns4:keyedReference keyName="Design" keyValue="Design" tModelKey="uddi:soa.com:servicelifecyclestage"/><ns4:keyedReference keyName="WSDL type" keyValue="service" tModelKey="uddi:uddi.org:wsdl:types"/><ns4:keyedReference keyName="service namespace" keyValue="http://win7-64-vm:9905/dropbox_hook" tModelKey="uddi:uddi.org:xml:namespace"/><ns4:keyedReference keyName="service local name" keyValue="Dropbox_API_Helloworld" tModelKey="uddi:uddi.org:xml:localname"/><ns4:keyedReference keyName="Managed Service" keyValue="Managed Service" tModelKey="uddi:digev.com:categorization:services"/><ns4:keyedReferenceGroup tModelKey="uddi:soa.com:service:group"/></ns4:categoryBag></ns4:businessService><ns8:ExportServiceEndpoint><ns7:ServiceEndpoint><ns7:ServiceKey>uddi:d7dc680e-da67-11e4-a882-ee1e212fe7c6</ns7:ServiceKey><ns7:Name>uddi:d8671be7-da67-11e4-a882-ee1e212fe7c6</ns7:Name><ns7:Url>https://10.150.53.83:9943/dropbox_hook</ns7:Url><ns7:BindingQName>{http://win7-64-vm:9905/dropbox_hook}Dropbox_API_Helloworld_Binding</ns7:BindingQName><ns7:PortName>HTTPS</ns7:PortName><ns7:Protocol>https</ns7:Protocol><ns7:ContainerKey>283b5d7c-b1dc-456d-ad3d-98cb1fc5</ns7:ContainerKey><ns7:ListenerName>defaul-https0</ns7:ListenerName></ns7:ServiceEndpoint><ns8:EndpointWsdlUri>wsdls/uddi_d8671be7-da67-11e4-a882-ee1e212fe7c6.wsdl</ns8:EndpointWsdlUri></ns8:ExportServiceEndpoint><ns8:ExportServiceEndpoint><ns7:ServiceEndpoint><ns7:ServiceKey>uddi:d7dc680e-da67-11e4-a882-ee1e212fe7c6</ns7:ServiceKey><ns7:Name>uddi:d85d30d6-da67-11e4-a882-ee1e212fe7c6</ns7:Name><ns7:Url>http://10.150.53.83:9905/dropbox_hook</ns7:Url><ns7:BindingQName>{http://win7-64-vm:9905/dropbox_hook}Dropbox_API_Helloworld_Binding</ns7:BindingQName><ns7:PortName>HTTP</ns7:PortName><ns7:Protocol>http</ns7:Protocol><ns7:ContainerKey>283b5d7c-b1dc-456d-ad3d-98cb1fc5</ns7:ContainerKey><ns7:ListenerName>default-http0</ns7:ListenerName></ns7:ServiceEndpoint><ns8:EndpointWsdlUri>wsdls/uddi_d85d30d6-da67-11e4-a882-ee1e212fe7c6.wsdl</ns8:EndpointWsdlUri></ns8:ExportServiceEndpoint><ns8:BpelUri>services/uddi_d7dc680e-da67-11e4-a882-ee1e212fe7c6/bpel.xml</ns8:BpelUri><ns8:ManagementUri>services/uddi_d7dc680e-da67-11e4-a882-ee1e212fe7c6/management.xml</ns8:ManagementUri></ns8:ExportService></ns8:ExportObjectConfiguration><ns8:ExportObjectConfiguration><ns2:ServiceKey><ns2:Key>uddi:d3777ec1-946c-11e4-94e2-a14729683414</ns2:Key><ns2:ServiceQName>{https://api-content.dropbox.com/1}Dropbox_Content_API</ns2:ServiceQName></ns2:ServiceKey><ns8:ExportService><PhysicalService BusinessKey="uddi:66bb0967-d687-11e4-92ed-9e265b7021d0" Discovered="false" ServiceKey="uddi:d3777ec1-946c-11e4-94e2-a14729683414" WsdlServiceLocalName="Dropbox_Content_API" WsdlTargetNamespaceUrl="https://api-content.dropbox.com/1"><Name>Dropbox_Content_API</Name><Description></Description><Operations><Operation InterfaceName="{https://api-content.dropbox.com/1}Dropbox_Content_API_PortType" ManagementState="Enabled" NumOfVirtualizedOperations="0" OperationKey="28a758fe-d934-11e4-bf6a-a4a38b3f0e82" OperationLastUpdatedAt="2015-04-02T12:31:29.250Z" OperationName="GET /files/auto/{path}" PolicyAvailable="true" ServiceKey="uddi:d3777ec1-946c-11e4-94e2-a14729683414" WsdlOperationName="GET__files_auto__path_"/><Operation InterfaceName="{https://api-content.dropbox.com/1}Dropbox_Content_API_PortType" ManagementState="Enabled" NumOfVirtualizedOperations="0" OperationKey="28ac3b06-d934-11e4-bf6a-a4a38b3f0e82" OperationLastUpdatedAt="2015-04-02T12:31:29.250Z" OperationName="GET /previews/auto/{path}" PolicyAvailable="true" ServiceKey="uddi:d3777ec1-946c-11e4-94e2-a14729683414" WsdlOperationName="GET__previews_auto__path_"/><Operation InterfaceName="{https://api-content.dropbox.com/1}Dropbox_Content_API_PortType" ManagementState="Enabled" NumOfVirtualizedOperations="0" OperationKey="28ab77b4-d934-11e4-bf6a-a4a38b3f0e82" OperationLastUpdatedAt="2015-04-02T12:31:29.250Z" OperationName="GET /thumbnails/auto/{path}" PolicyAvailable="true" ServiceKey="uddi:d3777ec1-946c-11e4-94e2-a14729683414" WsdlOperationName="GET__thumbnails_auto__path_"/><Operation InterfaceName="{https://api-content.dropbox.com/1}Dropbox_Content_API_PortType" ManagementState="Enabled" NumOfVirtualizedOperations="0" OperationKey="28ae36da-d934-11e4-bf6a-a4a38b3f0e82" OperationLastUpdatedAt="2015-04-02T12:31:29.250Z" OperationName="POST /commit_chunked_upload" PolicyAvailable="true" ServiceKey="uddi:d3777ec1-946c-11e4-94e2-a14729683414" WsdlOperationName="POST__commit_chunked_upload"/><Operation InterfaceName="{https://api-content.dropbox.com/1}Dropbox_Content_API_PortType" ManagementState="Enabled" NumOfVirtualizedOperations="0" OperationKey="28a9a2f2-d934-11e4-bf6a-a4a38b3f0e82" OperationLastUpdatedAt="2015-04-02T12:31:29.250Z" OperationName="POST /files_put/auto/{path}" PolicyAvailable="true" ServiceKey="uddi:d3777ec1-946c-11e4-94e2-a14729683414" WsdlOperationName="POST__files_put_auto__path_"/><Operation InterfaceName="{https://api-content.dropbox.com/1}Dropbox_Content_API_PortType" ManagementState="Enabled" NumOfVirtualizedOperations="0" OperationKey="28adc1a8-d934-11e4-bf6a-a4a38b3f0e82" OperationLastUpdatedAt="2015-04-02T12:31:29.250Z" OperationName="PUT /chunked_upload" PolicyAvailable="true" ServiceKey="uddi:d3777ec1-946c-11e4-94e2-a14729683414" WsdlOperationName="PUT__chunked_upload"/><Operation InterfaceName="{https://api-content.dropbox.com/1}Dropbox_Content_API_PortType" ManagementState="Enabled" NumOfVirtualizedOperations="0" OperationKey="28a92dc0-d934-11e4-bf6a-a4a38b3f0e82" OperationLastUpdatedAt="2015-04-02T12:31:29.250Z" OperationName="PUT /files_put/auto/{path}" PolicyAvailable="true" ServiceKey="uddi:d3777ec1-946c-11e4-94e2-a14729683414" WsdlOperationName="PUT__files_put_auto__path_"/></Operations></PhysicalService><ns4:businessService businessKey="uddi:66bb0967-d687-11e4-92ed-9e265b7021d0" serviceKey="uddi:d3777ec1-946c-11e4-94e2-a14729683414"><ns4:name>Dropbox_Content_API</ns4:name><ns4:bindingTemplates><ns4:bindingTemplate bindingKey="uddi:d3dd6c9a-946c-11e4-94e2-a14729683414" serviceKey="uddi:d3777ec1-946c-11e4-94e2-a14729683414"><ns4:accessPoint useType="endPoint">https://api-content.dropbox.com/1</ns4:accessPoint><ns4:tModelInstanceDetails><ns4:tModelInstanceInfo tModelKey="uddi:90cb9e8b-b092-0c8a-b1da-92a2a86b3a76"><ns4:description>The wsdl:binding that this wsdl:port implements. The instanceParms specifies the port local name.</ns4:description><ns4:instanceDetails><ns4:instanceParms>Dropbox_Content_API_port</ns4:instanceParms></ns4:instanceDetails></ns4:tModelInstanceInfo><ns4:tModelInstanceInfo tModelKey="uddi:866ccec3-068c-e3ae-5ded-ef114bd95d4e"><ns4:description>The wsdl:portType that this wsdl:port implements.</ns4:description></ns4:tModelInstanceInfo></ns4:tModelInstanceDetails><ns4:categoryBag><ns4:keyedReference keyName="WSDL type" keyValue="port" tModelKey="uddi:uddi.org:wsdl:types"/></ns4:categoryBag></ns4:bindingTemplate></ns4:bindingTemplates><ns4:categoryBag><ns4:keyedReference keyName="Staging" keyValue="Staging" tModelKey="uddi:soa.com:servicelifecyclestage"/><ns4:keyedReference keyName="WSDL type" keyValue="service" tModelKey="uddi:uddi.org:wsdl:types"/><ns4:keyedReference keyName="service namespace" keyValue="https://api-content.dropbox.com/1" tModelKey="uddi:uddi.org:xml:namespace"/><ns4:keyedReference keyName="service local name" keyValue="Dropbox_Content_API" tModelKey="uddi:uddi.org:xml:localname"/><ns4:keyedReference keyName="1.0" keyValue="1fce690c-720d-4336-a69f-62e18d8b6ef4" tModelKey="uddi:soa.com:serviceversion"/><ns4:keyedReferenceGroup tModelKey="uddi:soa.com:service:group"/></ns4:categoryBag></ns4:businessService><ns8:ExportServiceEndpoint><ns7:ServiceEndpoint><ns7:ServiceKey>uddi:d3777ec1-946c-11e4-94e2-a14729683414</ns7:ServiceKey><ns7:Name>uddi:d3dd6c9a-946c-11e4-94e2-a14729683414</ns7:Name><ns7:Url>https://api-content.dropbox.com/1</ns7:Url><ns7:BindingQName>{https://api-content.dropbox.com/1}Dropbox_Content_API_Binding</ns7:BindingQName><ns7:PortName>Dropbox_Content_API_port</ns7:PortName><ns7:Protocol>https</ns7:Protocol></ns7:ServiceEndpoint><ns8:EndpointWsdlUri>wsdls/uddi_d3dd6c9a-946c-11e4-94e2-a14729683414.wsdl</ns8:EndpointWsdlUri></ns8:ExportServiceEndpoint></ns8:ExportService></ns8:ExportObjectConfiguration><ns8:ExportObjectConfiguration><ns2:ContractKey><ns2:Key>f8e8b831-d6a0-11e4-9a5e-8f28bc3f91d0</ns2:Key></ns2:ContractKey><ns8:ExportContract><ns14:Contract><ns14:ContractInfo Anonymous="true" Key="f8e8b831-d6a0-11e4-9a5e-8f28bc3f91d0:1221" Name="Anonymous" State="Active"><ns14:Description></ns14:Description><ns14:ProviderOrganizationKey>uddi:66bb0967-d687-11e4-92ed-9e265b7021d0</ns14:ProviderOrganizationKey><ns2:EffectiveDateTimes><ns2:StartDateTime><ns2:DateTime>2015-03-30T16:52:00+11:00</ns2:DateTime><ns2:TimezoneName>Australia/Sydney</ns2:TimezoneName></ns2:StartDateTime><ns2:EndDateTime><ns2:DateTime>2016-03-29T16:52:00+11:00</ns2:DateTime><ns2:TimezoneName>Australia/Sydney</ns2:TimezoneName></ns2:EndDateTime><ns2:Expire>false</ns2:Expire></ns2:EffectiveDateTimes><ns14:ContractVersionInfo><ns14:LastModifiedTimestamp>2015-04-03Z</ns14:LastModifiedTimestamp><ns14:User>Local Domain\administrator</ns14:User><ns14:MetadataVersion>1</ns14:MetadataVersion><ns14:ActiveMetadataVersion>1</ns14:ActiveMetadataVersion></ns14:ContractVersionInfo><ns14:ContractType>service.contract</ns14:ContractType></ns14:ContractInfo><ns14:ContractScope><ns2:OrganizationKey>uddi:66bb0967-d687-11e4-92ed-9e265b7021d0</ns2:OrganizationKey></ns14:ContractScope></ns14:Contract></ns8:ExportContract></ns8:ExportObjectConfiguration><ns8:ExportObjectConfiguration><ns2:PolicyKey><ns2:Key>urn:uuid:340efeb6-baf1-11e4-ab77-803bb78255c5</ns2:Key></ns2:PolicyKey><ns8:ExportPolicy><ns13:Policy PolicyName="ProcessVariables"><ns13:PolicyKey>urn:uuid:340efeb6-baf1-11e4-ab77-803bb78255c5</ns13:PolicyKey><ns13:OrganizationKey>uddi:66bb0967-d687-11e4-92ed-9e265b7021d0</ns13:OrganizationKey><ns13:PolicyType>Operational Policy</ns13:PolicyType><ns13:PolicySubType>policy.xml</ns13:PolicySubType><ns13:Description>Passes in Variable needed by any internal processing</ns13:Description><ns13:ReadOnly>false</ns13:ReadOnly><ns13:LocalPolicy>false</ns13:LocalPolicy><ns13:LastUpdatedTime>2015-04-03T03:05:08.050Z</ns13:LastUpdatedTime><ns13:PolicyConfigurationAsString><ns13:Contents>&lt;![CDATA[&lt;?xml version="1.0" encoding="UTF-8"?&gt;
&lt;wsp:Policy visibility="private" xmlns:var="http://soa.com/pso/openapi/policy/variables/1.0/" xmlns:wsp="http://schemas.xmlsoap.org/ws/2004/09/policy"&gt;
	&lt;var:VariablesPolicy&gt;
		&lt;var:Namespace name="dropbox.integration"&gt;
			&lt;var:NameValue name="appkey"&gt;33f93hjxxiis0ju&lt;/var:NameValue&gt;
			&lt;var:NameValue encrypted="true" name="appsecret"&gt;HrXDndDMxYzx6aWKdNlsKg==&lt;/var:NameValue&gt;
			&lt;var:NameValue name="redirectURI"&gt;https://107.21.253.123:9943/dropbox_hook/auth_success&lt;/var:NameValue&gt;
		&lt;/var:Namespace&gt;
	    &lt;var:ForceLogging&gt;true&lt;/var:ForceLogging&gt;
	&lt;/var:VariablesPolicy&gt;
&lt;/wsp:Policy&gt;]]&gt;</ns13:Contents></ns13:PolicyConfigurationAsString></ns13:Policy></ns8:ExportPolicy></ns8:ExportObjectConfiguration><ns8:ExportObjectConfiguration><ns2:PolicyKey><ns2:Key>urn:uuid:08c86ce5-c630-11e4-8ee9-d0db1b3a73d5</ns2:Key></ns2:PolicyKey><ns8:ExportPolicy><ns13:Policy PolicyName="AddAuthToken"><ns13:PolicyKey>urn:uuid:08c86ce5-c630-11e4-8ee9-d0db1b3a73d5</ns13:PolicyKey><ns13:OrganizationKey>uddi:66bb0967-d687-11e4-92ed-9e265b7021d0</ns13:OrganizationKey><ns13:PolicyType>Operational Policy</ns13:PolicyType><ns13:PolicySubType>pso.openapi.xopscript.policy</ns13:PolicySubType><ns13:Description></ns13:Description><ns13:ReadOnly>false</ns13:ReadOnly><ns13:LocalPolicy>false</ns13:LocalPolicy><ns13:LastUpdatedTime>2015-04-04T02:00:15.180Z</ns13:LastUpdatedTime><ns13:PolicyConfigurationAsString><ns13:Contents>&lt;![CDATA[&lt;?xml version="1.0" encoding="UTF-8"?&gt;
&lt;wsp:Policy visibility="public" xmlns:wsp="http://schemas.xmlsoap.org/ws/2004/09/policy"&gt;&lt;ns2:XScriptedPolicy xmlns:ns2="http://soa.com/pso/openapi/policy/opscripts/1.0/"&gt;&lt;ns2:Script&gt;// *************************************************************
// *************************************************************
// **
// **  Experimental Script Policy
// **
// **  Generate a Bearer Authentication header and add
// **  it to the current message. This will replace any 
// **  existing HTTP Authorization headers 
// **
// **  Requires access to Apache Commons Codec 
// **
// *************************************************************
// *************************************************************
auditLog.debug("Getting Access Token");	

//must be a global variable to post handler status
success = true;

if (messageContext.getParameterType() == 0) {
	var msg = messageContext.getMessage();
	var headers = msg.getTransportHeaders();
	var key = headers.get("authKey").getValue();
	var cache = DropboxHook.glbCacheMgr.getCache("dropbox_hook");
	var accessMap = new java.util.HashMap();
	accessMap = cache.get("access_token");
	var accessToken = accessMap.get(key);
	headers.add("Authorization", "Bearer " + accessToken);
	headers.remove("authKey");
	auditLog.debug("Finished getting Access Token. token is: "+accessToken);

}
/*return*/success;&lt;/ns2:Script&gt;&lt;ns2:ScriptEngine&gt;js&lt;/ns2:ScriptEngine&gt;&lt;ns2:Provider&gt;false&lt;/ns2:Provider&gt;&lt;ns2:Consumer&gt;true&lt;/ns2:Consumer&gt;&lt;ns2:Imports&gt;&lt;ns2:ScriptKey&gt;script:d1987271-c611-11e4-8ee9-d0db1b3a73d5&lt;/ns2:ScriptKey&gt;&lt;ns2:ScriptKey&gt;script:d1987271-c611-11e4-8ee9-d0db1b3a73d5&lt;/ns2:ScriptKey&gt;&lt;ns2:ScriptKey&gt;script:d1987271-c611-11e4-8ee9-d0db1b3a73d5&lt;/ns2:ScriptKey&gt;&lt;ns2:ScriptKey&gt;script:d1987271-c611-11e4-8ee9-d0db1b3a73d5&lt;/ns2:ScriptKey&gt;&lt;ns2:ScriptKey&gt;script:d1987271-c611-11e4-8ee9-d0db1b3a73d5&lt;/ns2:ScriptKey&gt;&lt;ns2:ScriptKey&gt;script:7c931dd8-d688-11e4-92ed-9e265b7021d0&lt;/ns2:ScriptKey&gt;&lt;/ns2:Imports&gt;&lt;/ns2:XScriptedPolicy&gt;&lt;/wsp:Policy&gt;]]&gt;</ns13:Contents></ns13:PolicyConfigurationAsString></ns13:Policy></ns8:ExportPolicy></ns8:ExportObjectConfiguration><ns8:ExportObjectConfiguration><ns2:IdentityKey><ns2:Key>Local Domain\Xd2zgaaRvvbKY4A+YmN0hA==</ns2:Key><ns2:DomainName>Local Domain</ns2:DomainName><ns2:UserName>Xd2zgaaRvvbKY4A+YmN0hA==</ns2:UserName></ns2:IdentityKey><ns8:ExportUserIdentity><ns15:User DomainName="Local Domain" UserName="Xd2zgaaRvvbKY4A+YmN0hA=="><ns15:FullName>Service: uddi:128767cd-d6a1-11e4-9a5e-8f28bc3f91d0</ns15:FullName><ns15:IdentityKey>urn:uuid:23f1e6b5-d934-11e4-bf6a-a4a38b3f0e82</ns15:IdentityKey><ns15:Password>CgsFxlOr8adYXya85G+oF+WOLGnkfWKCA1kopENAywLRa/uRFv8kEYS4zOtfyerLRw6oM2Kwv8F16tbd3gZ7Ag==</ns15:Password><ns15:Disabled>false</ns15:Disabled><ns15:ForcePwdResetOnNextLogin>false</ns15:ForcePwdResetOnNextLogin><ns15:Expired>false</ns15:Expired><ns15:ReadOnly>true</ns15:ReadOnly><ns15:PasswordFrmSeed>0</ns15:PasswordFrmSeed><ns15:OrganizationKey>uddi:soa.com:registryorganization</ns15:OrganizationKey><ns15:PasswordSalt>/cZKnfKM+nuzpRrnNbXaa7uGld/2Z0yEFXiG4ZK6PS5Y9Epe2sFlsaoMcleZo653d58Q5YXOBalELn1UMPp+Ag==</ns15:PasswordSalt></ns15:User><ns8:PKIGenerated>true</ns8:PKIGenerated></ns8:ExportUserIdentity></ns8:ExportObjectConfiguration><ns8:ExportObjectConfiguration><ns2:IdentityKey><ns2:Key>Local Domain\OpDXhv732SEPHa1tcYNeQw==</ns2:Key><ns2:DomainName>Local Domain</ns2:DomainName><ns2:UserName>OpDXhv732SEPHa1tcYNeQw==</ns2:UserName></ns2:IdentityKey><ns8:ExportUserIdentity><ns15:User DomainName="Local Domain" UserName="OpDXhv732SEPHa1tcYNeQw=="><ns15:FullName>Service: uddi:d3777ec1-946c-11e4-94e2-a14729683414</ns15:FullName><ns15:IdentityKey>urn:uuid:286a770b-d934-11e4-bf6a-a4a38b3f0e82</ns15:IdentityKey><ns15:Password>SdffRSSFO1gwggIBUC4+xi3x8Mf+Kcvxj3kINkuger5f0rFLFT7gRVYxRBaxyYfGIXOQIFWNOzddUfL8RreM4g==</ns15:Password><ns15:Disabled>false</ns15:Disabled><ns15:ForcePwdResetOnNextLogin>false</ns15:ForcePwdResetOnNextLogin><ns15:Expired>false</ns15:Expired><ns15:ReadOnly>true</ns15:ReadOnly><ns15:PasswordFrmSeed>0</ns15:PasswordFrmSeed><ns15:OrganizationKey>uddi:soa.com:registryorganization</ns15:OrganizationKey><ns15:PasswordSalt>fgu2zQkz0XvqMMN+/bEdfLUNGIfzYElcgSIuX19ox5eOVb+dwHt4ELdTm/PawUhanvD0DYBZ5XpXVjtLn23Ljw==</ns15:PasswordSalt></ns15:User><ns8:PKIGenerated>true</ns8:PKIGenerated></ns8:ExportUserIdentity></ns8:ExportObjectConfiguration><ns8:ExportObjectConfiguration><ns2:IdentityKey><ns2:Key>Local Domain\Q8Z5uWlVgQN+34Z6B4zsEg==</ns2:Key><ns2:DomainName>Local Domain</ns2:DomainName><ns2:UserName>Q8Z5uWlVgQN+34Z6B4zsEg==</ns2:UserName></ns2:IdentityKey><ns8:ExportUserIdentity><ns15:User DomainName="Local Domain" UserName="Q8Z5uWlVgQN+34Z6B4zsEg=="><ns15:FullName>Service: uddi:d7dc680e-da67-11e4-a882-ee1e212fe7c6</ns15:FullName><ns15:IdentityKey>urn:uuid:d7e0d4df-da67-11e4-a882-ee1e212fe7c6</ns15:IdentityKey><ns15:Password>1ATnRl1dtnY1SJO/O7gXI6UG2F+UM7Wx6rrzNuMpf3udb8KRX+Dyc1+pAUIFOMiFatNYku0isxozdco/Rb6k3Q==</ns15:Password><ns15:Disabled>false</ns15:Disabled><ns15:ForcePwdResetOnNextLogin>false</ns15:ForcePwdResetOnNextLogin><ns15:Expired>false</ns15:Expired><ns15:ReadOnly>true</ns15:ReadOnly><ns15:PasswordFrmSeed>0</ns15:PasswordFrmSeed><ns15:OrganizationKey>uddi:soa.com:registryorganization</ns15:OrganizationKey><ns15:PasswordSalt>p8eXWhm/HvSW4ZKU+LWz2payC9zC1eQG+ASBR+nNHlMh4NKXgyNfP0J72FC8XulZbfTee7h8M4zMxOGj3IatuA==</ns15:PasswordSalt></ns15:User><ns8:PKIGenerated>true</ns8:PKIGenerated></ns8:ExportUserIdentity></ns8:ExportObjectConfiguration><ns8:ExportObjectConfiguration><ns2:IdentityKey><ns2:Key>Local Domain\4ypuX4RJFsIfPeWgolZzFg==</ns2:Key><ns2:DomainName>Local Domain</ns2:DomainName><ns2:UserName>4ypuX4RJFsIfPeWgolZzFg==</ns2:UserName></ns2:IdentityKey><ns8:ExportUserIdentity><ns15:User DomainName="Local Domain" UserName="4ypuX4RJFsIfPeWgolZzFg=="><ns15:FullName>Service: uddi:3dcad83e-946c-11e4-94e2-a14729683414</ns15:FullName><ns15:IdentityKey>urn:uuid:24f57442-d934-11e4-bf6a-a4a38b3f0e82</ns15:IdentityKey><ns15:Password>Xz9ssyWUfg2+h1HXAy0ij0+0khChGuiUWCmWja/QB9knNVrRfscxoolqXkAZ1X5ca2dmKWPIcgoQrCF9kdDLXQ==</ns15:Password><ns15:Disabled>false</ns15:Disabled><ns15:ForcePwdResetOnNextLogin>false</ns15:ForcePwdResetOnNextLogin><ns15:Expired>false</ns15:Expired><ns15:ReadOnly>true</ns15:ReadOnly><ns15:PasswordFrmSeed>0</ns15:PasswordFrmSeed><ns15:OrganizationKey>uddi:soa.com:registryorganization</ns15:OrganizationKey><ns15:PasswordSalt>Vx7sRtf/HZhiSRvpCOF+Q2h8e5rhappc4MxjTOVX9Cktj39SOdG2x2zhfSIdTGpbIa+7qBaGI63YMvUZhXTTNg==</ns15:PasswordSalt></ns15:User><ns8:PKIGenerated>true</ns8:PKIGenerated></ns8:ExportUserIdentity></ns8:ExportObjectConfiguration><ns8:ExportObjectConfiguration><ns2:IdentityKey><ns2:Key>Local Domain\kn9Dzxc44FyHWjbwVNPulA==</ns2:Key><ns2:DomainName>Local Domain</ns2:DomainName><ns2:UserName>kn9Dzxc44FyHWjbwVNPulA==</ns2:UserName></ns2:IdentityKey><ns8:ExportUserIdentity><ns15:User DomainName="Local Domain" UserName="kn9Dzxc44FyHWjbwVNPulA=="><ns15:FullName>Service: uddi:9da8a9b9-946d-11e4-94e2-a14729683414</ns15:FullName><ns15:IdentityKey>urn:uuid:2794621e-d934-11e4-bf6a-a4a38b3f0e82</ns15:IdentityKey><ns15:Password>q4glpP4ROdT5tbEhaibDazg0JJ4GCMdqRRslcBCVCGyUMxCMaoJCcOJ8F82AsQCP6IdZRVBoCNHBy2l2aLBRGQ==</ns15:Password><ns15:Disabled>false</ns15:Disabled><ns15:ForcePwdResetOnNextLogin>false</ns15:ForcePwdResetOnNextLogin><ns15:Expired>false</ns15:Expired><ns15:ReadOnly>true</ns15:ReadOnly><ns15:PasswordFrmSeed>0</ns15:PasswordFrmSeed><ns15:OrganizationKey>uddi:soa.com:registryorganization</ns15:OrganizationKey><ns15:PasswordSalt>uUd1vnPXXpd2uU9NT9XMJYyCze8DukhHF91jZSrxzop0ZqijJ6Zty34cqjamlqJcZYPN5yoP9fHFM74WUGJoUQ==</ns15:PasswordSalt></ns15:User><ns8:PKIGenerated>true</ns8:PKIGenerated></ns8:ExportUserIdentity></ns8:ExportObjectConfiguration><ns8:ExportObjectConfiguration><ns2:IdentityKey><ns2:Key>Local Domain\6#02v#vWcmjGZD82Lql2Ow==</ns2:Key><ns2:DomainName>Local Domain</ns2:DomainName><ns2:UserName>6#02v#vWcmjGZD82Lql2Ow==</ns2:UserName></ns2:IdentityKey><ns8:ExportUserIdentity><ns15:User DomainName="Local Domain" UserName="6#02v#vWcmjGZD82Lql2Ow=="><ns15:FullName>Service: uddi:4a9cbea7-d688-11e4-92ed-9e265b7021d0</ns15:FullName><ns15:IdentityKey>urn:uuid:273a3429-d934-11e4-bf6a-a4a38b3f0e82</ns15:IdentityKey><ns15:Password>r+ukE03VnbGO0OOmqwaQ4wbW/7McYfSMsj1ZSv2nw2SgiL1yd4IVh5LlVA9uDo6k4qTNz2JdTO21VpwobXmnuA==</ns15:Password><ns15:Disabled>false</ns15:Disabled><ns15:ForcePwdResetOnNextLogin>false</ns15:ForcePwdResetOnNextLogin><ns15:Expired>false</ns15:Expired><ns15:ReadOnly>true</ns15:ReadOnly><ns15:PasswordFrmSeed>0</ns15:PasswordFrmSeed><ns15:OrganizationKey>uddi:soa.com:registryorganization</ns15:OrganizationKey><ns15:PasswordSalt>8hYHnu38Gai3mSXs5opIeZ11vl9YOaCOuwg1OXNgxx2Tzw68QzAAUKiLwuzcDBkg1J5vQzV6T4NWxN4mHLrN5A==</ns15:PasswordSalt></ns15:User><ns8:PKIGenerated>true</ns8:PKIGenerated></ns8:ExportUserIdentity></ns8:ExportObjectConfiguration></ns8:ExportConfiguration>