<?xml version="1.0" encoding="UTF-8"?>
<process name="getAuthToken" ns11:description="take the authorization code generated by the OAuth authorization server, request an Access Token from the OAuth token server, and store for later use" ns11:name="getAuthToken" ns11:orgKey="uddi:66bb0967-d687-11e4-92ed-9e265b7021d0" ns2:processKey="bpel:22e0d180-d689-11e4-92ed-9e265b7021d0" targetNamespace="http://soa.com/processs" xmlns="http://schemas.xmlsoap.org/ws/2003/03/business-process/" xmlns:ns10="http://soa.com/capabilities/service/virtualization/bpel/activity" xmlns:ns11="http://soa.com/bpel/export" xmlns:ns2="http://soa.com/bpel/ext" xmlns:ns3="http://soa.com/capabilities/service/virtualization/bpel" xmlns:ns4="http://schemas.xmlsoap.org/ws/2006/02/addressingidentity" xmlns:ns5="http://www.w3.org/2000/09/xmldsig#" xmlns:ns6="http://docs.oasis-open.org/wss/2004/01/oasis-200401-wss-wssecurity-secext-1.0.xsd" xmlns:ns7="http://docs.oasis-open.org/wss/2004/01/oasis-200401-wss-wssecurity-utility-1.0.xsd" xmlns:ns8="http://schemas.xmlsoap.org/ws/2004/09/mex" xmlns:ns9="http://schemas.xmlsoap.org/ws/2003/05/partner-link/"><ns9:partnerLinkType name="ActivityPortTypeConsumer"><ns9:role name="Consumer"><ns9:portType name="ns10:ActivityPortType"/></ns9:role></ns9:partnerLinkType><ns10:Activities><ns10:Activity ActivityType="ns12:ScriptedActivity" LastUpdated="1429596121823" Name="GetAccessToken" xmlns:ns12="http://soa.com/uri/products/activity/script/xsd/1.0"><ns2:ScriptedActivity xmlns="http://soa.com/uri/products/activity/audit/xsd/1.0" xmlns:ns11="http://soa.com/uri/products/activity/script/xsd/1.0" xmlns:ns2="http://soa.com/uri/products/activity/script/xsd/1.0" xmlns:ns3="http://soa.com/uri/products/activity/stripxml/xsd/1.0" xmlns:ns4="http://soa.com/uri/products/activity/xform/xsd/1.0" xmlns:ns5="http://soa.com/uri/products/activity/process/xsd/1.0" xmlns:ns6="http://soa.com/uri/products/activity/insertxml/xsd/1.0" xmlns:ns7="http://soa.com/uri/products/activity/insertcontent/xsd/1.0"><ns11:Language>js</ns11:Language><ns11:Script>// *************************************************************
// *************************************************************
// **
// **  create OAuth token request
// **
// **  get the Authorisation code from the re-direct from the 
// **  OAuth Auth Server and create token request
// **
// *************************************************************
// *************************************************************
auditLog.debug("Start Config OAuth Token Request");



var msg = processContext.getVariable("message");
auditLog.debug("the result was = " + msg);
//Get the URL query
var queryString = msg.getProperty("com.soa.message.TRANSPORT_QUERY");
auditLog.debug("the query string = " + queryString);
var authCode = queryString.substring(5);
var end = authCode.indexOf("state");
if (end != -1) {
	authCode = authCode.substring(0,end);
}

auditLog.debug("the authCode = " + authCode);


var tokenRequest = msgFactory.create();
var cache = DropboxHook.glbCacheMgr.getCache("dropbox_hook");
var credentials = new java.util.HashMap();
credentials = cache.get("credentials");

var appKey = String(credentials.get("client_id"));
var appSecret = String(credentials.get("client_secret"));
var redirectURI = String(DropboxHook.vars.get("dropbox.integration", "redirectURI"));
//Set the URL query
var queryToken = "code="+authCode+"&amp;grant_type=authorization_code&amp;client_id="+appKey+"&amp;client_secret="+appSecret+"&amp;redirect_uri="+redirectURI;
tokenRequest.setProperty("com.soa.message.TRANSPORT_QUERY",queryToken.toString());
auditLog.debug("the query string = " + queryString);


processContext.setVariable("TokenRequest", tokenRequest);

auditLog.debug("Done Configuring OAuth Token Request");</ns11:Script><ns11:Import>script:7c931dd8-d688-11e4-92ed-9e265b7021d0</ns11:Import></ns2:ScriptedActivity></ns10:Activity><ns10:Activity ActivityType="ns12:ScriptedActivity" LastUpdated="1429596121823" Name="SaveAccessToken" xmlns:ns12="http://soa.com/uri/products/activity/script/xsd/1.0"><ns2:ScriptedActivity xmlns="http://soa.com/uri/products/activity/audit/xsd/1.0" xmlns:ns11="http://soa.com/uri/products/activity/script/xsd/1.0" xmlns:ns2="http://soa.com/uri/products/activity/script/xsd/1.0" xmlns:ns3="http://soa.com/uri/products/activity/stripxml/xsd/1.0" xmlns:ns4="http://soa.com/uri/products/activity/xform/xsd/1.0" xmlns:ns5="http://soa.com/uri/products/activity/process/xsd/1.0" xmlns:ns6="http://soa.com/uri/products/activity/insertxml/xsd/1.0" xmlns:ns7="http://soa.com/uri/products/activity/insertcontent/xsd/1.0"><ns11:Language>js</ns11:Language><ns11:Script>// *************************************************************
// *************************************************************
// **
// **  Stores the OAuth2 Access Token resulting from the 
// **  3-legged dance
// **
// *************************************************************
// *************************************************************
auditLog.debug("processing the get token request");

var tokenResponse = processContext.getVariable("TokenResponse");
auditLog.debug("the result was = " + tokenResponse.getContentAsString());

var msgJSON = JSON.parse(tokenResponse.getContentAsString());
var accessToken = msgJSON.access_token.toString();
auditLog.debug("access token is " + accessToken);

var accessMap = new java.util.HashMap();
var key = Math.random().toString(36).slice(2);
accessMap.put(key, accessToken.toString());

var cache = DropboxHook.glbCacheMgr.getCache("dropbox_hook");
cache.put("access_token", accessMap, 30*60);

processContext.setVariable("access_key",key);</ns11:Script><ns11:Import>script:7c931dd8-d688-11e4-92ed-9e265b7021d0</ns11:Import></ns2:ScriptedActivity></ns10:Activity></ns10:Activities><ns9:partnerLinkType name="Dropbox_Core_API_PortTypeConsumer"><ns9:role name="Consumer"><ns9:portType name="ns12:Dropbox_Core_API_PortType" xmlns:ns12="https://api.dropbox.com/1"/></ns9:role></ns9:partnerLinkType><ns9:partnerLinkType name="Dropbox_OAuth2__API_PortTypeConsumer"><ns9:role name="Consumer"><ns9:portType name="ns12:Dropbox_OAuth2__API_PortType" xmlns:ns12="https://www.dropbox.com/1/oauth2"/></ns9:role></ns9:partnerLinkType><partnerLinks><partnerLink myRole="Consumer" name="Activity" partnerLinkType="ns12:ActivityPortTypeConsumer" xmlns:ns12="http://soa.com/processs"/><partnerLink myRole="Consumer" name="Dropbox_Core_API_PortTypePartnerLink" partnerLinkType="ns12:Dropbox_Core_API_PortTypeConsumer" xmlns:ns12="http://soa.com/processs"/><partnerLink myRole="Consumer" name="Dropbox_OAuth2__API_PortTypePartnerLink" partnerLinkType="ns12:Dropbox_OAuth2__API_PortTypeConsumer" xmlns:ns12="http://soa.com/processs"/></partnerLinks><variables><variable messageType="ns12:ActivityMessage" name="message" xmlns:ns12="http://soa.com/process/activity"/><variable messageType="ns12:ActivityMessage" name="fault" xmlns:ns12="http://soa.com/process/activity"/><variable messageType="ns12:ActivityMessage" name="TokenRequest" xmlns:ns12="http://soa.com/process/activity"/><variable messageType="ns12:ActivityMessage" name="TokenResponse" xmlns:ns12="http://soa.com/process/activity"/></variables><sequence><invoke inputVariable="message" name="GetAccessToken" operation="invoke" outputVariable="message" partnerLink="Activity" portType="ns10:ActivityPortType"><ns2:InvocationExt endpoint="GetAccessToken" propagateExchange="true" service="ns10:ActivityService"/></invoke><invoke inputVariable="TokenRequest" name="RequestAccessToken" operation="POST__token" outputVariable="TokenResponse" partnerLink="Dropbox_OAuth2__API_PortTypePartnerLink" portType="ns12:Dropbox_OAuth2__API_PortType" xmlns:ns12="https://www.dropbox.com/1/oauth2"><ns2:InvocationExt service="ns12:Dropbox_OAuth2__API"><ns2:Audit/></ns2:InvocationExt></invoke><invoke inputVariable="message" name="SaveAccessToken" operation="invoke" outputVariable="message" partnerLink="Activity" portType="ns10:ActivityPortType"><ns2:InvocationExt endpoint="SaveAccessToken" propagateExchange="true" service="ns10:ActivityService"/></invoke></sequence></process>