<?xml version="1.0" encoding="UTF-8"?>
<process name="GET__auth_success" ns2:processKey="bpel:4629b779-d689-11e4-92ed-9e265b7021d0" targetNamespace="http://win7-64-vm:9905/dropbox_hook" xmlns="http://schemas.xmlsoap.org/ws/2003/03/business-process/" xmlns:ns10="http://soa.com/capabilities/service/virtualization/bpel/activity" xmlns:ns2="http://soa.com/bpel/ext" xmlns:ns3="http://soa.com/capabilities/service/virtualization/bpel" xmlns:ns4="http://schemas.xmlsoap.org/ws/2006/02/addressingidentity" xmlns:ns5="http://www.w3.org/2000/09/xmldsig#" xmlns:ns6="http://docs.oasis-open.org/wss/2004/01/oasis-200401-wss-wssecurity-secext-1.0.xsd" xmlns:ns7="http://docs.oasis-open.org/wss/2004/01/oasis-200401-wss-wssecurity-utility-1.0.xsd" xmlns:ns8="http://schemas.xmlsoap.org/ws/2004/09/mex" xmlns:ns9="http://schemas.xmlsoap.org/ws/2003/05/partner-link/"><ns9:partnerLinkType name="Dropbox_API_Hook_Re-Direct_PortTypeProvider"><ns9:role name="Provider"><ns9:portType name="ns11:Dropbox_API_Hook_Re-Direct_PortType" xmlns:ns11="http://win7-64-vm:9905/dropbox_hook"/></ns9:role></ns9:partnerLinkType><ns9:partnerLinkType name="ActivityPortTypeConsumer"><ns9:role name="Consumer"><ns9:portType name="ns10:ActivityPortType"/></ns9:role></ns9:partnerLinkType><ns10:Activities><ns10:Activity ActivityType="ns11:ProcessActivity" LastUpdated="1428113009517" Name="GetAccessToken" xmlns:ns11="http://soa.com/uri/products/activity/process/xsd/1.0"><ns5:ProcessActivity xmlns="http://soa.com/uri/products/activity/audit/xsd/1.0" xmlns:ns2="http://soa.com/uri/products/activity/script/xsd/1.0" xmlns:ns3="http://soa.com/uri/products/activity/stripxml/xsd/1.0" xmlns:ns4="http://soa.com/uri/products/activity/xform/xsd/1.0" xmlns:ns5="http://soa.com/uri/products/activity/process/xsd/1.0" xmlns:ns6="http://soa.com/uri/products/activity/insertxml/xsd/1.0" xmlns:ns7="http://soa.com/uri/products/activity/insertcontent/xsd/1.0"><ns5:ProcessID>bpel:22e0d180-d689-11e4-92ed-9e265b7021d0</ns5:ProcessID></ns5:ProcessActivity></ns10:Activity><ns10:Activity ActivityType="ns11:ScriptedActivity" LastUpdated="1428113009517" Name="ReturnTokenKey" xmlns:ns11="http://soa.com/uri/products/activity/script/xsd/1.0"><ns2:ScriptedActivity xmlns="http://soa.com/uri/products/activity/audit/xsd/1.0" xmlns:ns2="http://soa.com/uri/products/activity/script/xsd/1.0" xmlns:ns3="http://soa.com/uri/products/activity/stripxml/xsd/1.0" xmlns:ns4="http://soa.com/uri/products/activity/xform/xsd/1.0" xmlns:ns5="http://soa.com/uri/products/activity/process/xsd/1.0" xmlns:ns6="http://soa.com/uri/products/activity/insertxml/xsd/1.0" xmlns:ns7="http://soa.com/uri/products/activity/insertcontent/xsd/1.0"><ns2:Language>js</ns2:Language><ns2:Script>// *************************************************************
// *************************************************************
// **
// **  place the success message into the response
// **
// **
// *************************************************************
// *************************************************************
var msg = msgFactory.create("application/json");

var cache = DropboxHook.glbCacheMgr.getCache("dropbox_hook");
var accessMap = new java.util.HashMap();
accessMap = cache.get("access_token");
var key = processContext.getVariable("access_key");
var accessToken = accessMap.get(key);
auditLog.debug("access token is = " + accessToken);
auditLog.debug("access key is = " + key);
var content = '{"status":"Success", "token":"'+key+'"}';
var msgJSON = JSON.parse(content);

msg.setStringContent(JSON.stringify(msgJSON));

processContext.setVariable("message", msg);</ns2:Script><ns2:Import>script:7c931dd8-d688-11e4-92ed-9e265b7021d0</ns2:Import></ns2:ScriptedActivity></ns10:Activity></ns10:Activities><partnerLinks><partnerLink myRole="Provider" name="initial" partnerLinkType="ns11:Dropbox_API_Hook_Re-Direct_PortTypeProvider" xmlns:ns11="http://win7-64-vm:9905/dropbox_hook"/><partnerLink myRole="Consumer" name="Activity" partnerLinkType="ns11:ActivityPortTypeConsumer" xmlns:ns11="http://win7-64-vm:9905/dropbox_hook"/></partnerLinks><variables><variable messageType="ns11:ActivityMessage" name="message" xmlns:ns11="http://soa.com/process/activity"/><variable messageType="ns11:ActivityMessage" name="fault" xmlns:ns11="http://soa.com/process/activity"/><variable defaultValue="" name="access_key" type="xs:string" xmlns:xs="http://www.w3.org/2001/XMLSchema"/></variables><sequence><receive createInstance="yes" name="Receive" operation="GET__auth_success" partnerLink="initial" portType="ns11:Dropbox_API_Hook_Re-Direct_PortType" variable="message" xmlns:ns11="http://win7-64-vm:9905/dropbox_hook"/><invoke inputVariable="message" name="GetAccessToken" operation="invoke" outputVariable="message" partnerLink="Activity" portType="ns10:ActivityPortType"><ns2:InvocationExt endpoint="GetAccessToken" propagateExchange="true" service="ns10:ActivityService"/></invoke><invoke inputVariable="message" name="ReturnTokenKey" operation="invoke" outputVariable="message" partnerLink="Activity" portType="ns10:ActivityPortType"><ns2:InvocationExt endpoint="ReturnTokenKey" propagateExchange="true" service="ns10:ActivityService"/></invoke><reply name="Reply" operation="GET__auth_success" partnerLink="initial" portType="ns11:Dropbox_API_Hook_Re-Direct_PortType" variable="message" xmlns:ns11="http://win7-64-vm:9905/dropbox_hook"/></sequence></process>