<?xml version="1.0" encoding="UTF-8"?>
<VirtualServiceConfiguration LastUpdated="1429582594788" ServiceName="ns13:Dropbox_Core_API_vs0" xmlns="http://soa.com/capabilities/service/virtualization/bpel" xmlns:ns10="http://schemas.xmlsoap.org/ws/2003/03/business-process/" xmlns:ns11="http://soa.com/bpel/ext" xmlns:ns12="http://schemas.xmlsoap.org/ws/2003/05/partner-link/" xmlns:ns13="https://api.dropbox.com/1" xmlns:ns2="http://schemas.xmlsoap.org/ws/2006/02/addressingidentity" xmlns:ns3="http://www.w3.org/2000/09/xmldsig#" xmlns:ns4="http://docs.oasis-open.org/wss/2004/01/oasis-200401-wss-wssecurity-secext-1.0.xsd" xmlns:ns5="http://docs.oasis-open.org/wss/2004/01/oasis-200401-wss-wssecurity-utility-1.0.xsd" xmlns:ns6="http://schemas.xmlsoap.org/ws/2004/09/mex" xmlns:ns7="http://soa.com/capabilities/service/virtualization/bpel/activity" xmlns:ns8="http://www.w3.org/2001/04/xmlenc#" xmlns:ns9="http://federatedgovernance.org/mc/configuration/x509"><OutboundIdentityConfig><UseInboundIdentities xmlns:xs="http://www.w3.org/2001/XMLSchema" xmlns:xsi="http://www.w3.org/2001/XMLSchema-instance" xsi:type="xs:boolean">true</UseInboundIdentities><UseServiceIdentityForHTTPS>false</UseServiceIdentityForHTTPS></OutboundIdentityConfig><OperationImplementation InterfaceName="ns13:Dropbox_Core_API_PortType" LastUpdated="1429582594770" OperationName="GET__account_info"><Process/><BindingHeaderInstructions><PreserveBindingHeaders>true</PreserveBindingHeaders></BindingHeaderInstructions><TransportHeaderInstructions><PreserveTransportHeaders>true</PreserveTransportHeaders></TransportHeaderInstructions></OperationImplementation><OperationImplementation InterfaceName="ns13:Dropbox_Core_API_PortType" LastUpdated="1429582591703" OperationName="GET__copy_ref__root___path_"><Process/><BindingHeaderInstructions/><TransportHeaderInstructions/></OperationImplementation><OperationImplementation InterfaceName="ns13:Dropbox_Core_API_PortType" LastUpdated="1429582591703" OperationName="GET__metadata__root___path_"><Process/><BindingHeaderInstructions/><TransportHeaderInstructions/></OperationImplementation><OperationImplementation InterfaceName="ns13:Dropbox_Core_API_PortType" LastUpdated="1429582591703" OperationName="GET__previews__root___path_"><Process/><BindingHeaderInstructions/><TransportHeaderInstructions/></OperationImplementation><OperationImplementation InterfaceName="ns13:Dropbox_Core_API_PortType" LastUpdated="1429582591703" OperationName="GET__revisions__root___path_"><Process/><BindingHeaderInstructions/><TransportHeaderInstructions/></OperationImplementation><OperationImplementation InterfaceName="ns13:Dropbox_Core_API_PortType" LastUpdated="1429582591703" OperationName="GET__search__root___path_"><Process/><BindingHeaderInstructions><PreserveBindingHeaders>true</PreserveBindingHeaders></BindingHeaderInstructions><TransportHeaderInstructions><PreserveTransportHeaders>true</PreserveTransportHeaders></TransportHeaderInstructions></OperationImplementation><OperationImplementation InterfaceName="ns13:Dropbox_Core_API_PortType" LastUpdated="1429582591703" OperationName="GET__shared_folders__id_"><Process/><BindingHeaderInstructions><PreserveBindingHeaders>true</PreserveBindingHeaders></BindingHeaderInstructions><TransportHeaderInstructions><PreserveTransportHeaders>true</PreserveTransportHeaders></TransportHeaderInstructions></OperationImplementation><OperationImplementation InterfaceName="ns13:Dropbox_Core_API_PortType" LastUpdated="1429582591703" OperationName="GET__thumbnails__root___path_"><Process/><BindingHeaderInstructions/><TransportHeaderInstructions/></OperationImplementation><OperationImplementation InterfaceName="ns13:Dropbox_Core_API_PortType" LastUpdated="1429582591703" OperationName="POST__delta__root___path_"><Process/><BindingHeaderInstructions/><TransportHeaderInstructions/></OperationImplementation><OperationImplementation InterfaceName="ns13:Dropbox_Core_API_PortType" LastUpdated="1429582591703" OperationName="POST__delta__root___path__latest_cursor__root___path_"><Process/><BindingHeaderInstructions/><TransportHeaderInstructions/></OperationImplementation><OperationImplementation InterfaceName="ns13:Dropbox_Core_API_PortType" LastUpdated="1429582591703" OperationName="POST__fileops_copy"><Process/><BindingHeaderInstructions><PreserveBindingHeaders>true</PreserveBindingHeaders></BindingHeaderInstructions><TransportHeaderInstructions><PreserveTransportHeaders>true</PreserveTransportHeaders></TransportHeaderInstructions></OperationImplementation><OperationImplementation InterfaceName="ns13:Dropbox_Core_API_PortType" LastUpdated="1429582591703" OperationName="POST__fileops_create_folder"><Process/><BindingHeaderInstructions><PreserveBindingHeaders>true</PreserveBindingHeaders></BindingHeaderInstructions><TransportHeaderInstructions><PreserveTransportHeaders>true</PreserveTransportHeaders></TransportHeaderInstructions></OperationImplementation><OperationImplementation InterfaceName="ns13:Dropbox_Core_API_PortType" LastUpdated="1429582591703" OperationName="POST__fileops_delete"><Process/><BindingHeaderInstructions><PreserveBindingHeaders>true</PreserveBindingHeaders></BindingHeaderInstructions><TransportHeaderInstructions><PreserveTransportHeaders>true</PreserveTransportHeaders></TransportHeaderInstructions></OperationImplementation><OperationImplementation InterfaceName="ns13:Dropbox_Core_API_PortType" LastUpdated="1429582591703" OperationName="POST__fileops_move"><Process/><BindingHeaderInstructions><PreserveBindingHeaders>true</PreserveBindingHeaders></BindingHeaderInstructions><TransportHeaderInstructions><PreserveTransportHeaders>true</PreserveTransportHeaders></TransportHeaderInstructions></OperationImplementation><OperationImplementation InterfaceName="ns13:Dropbox_Core_API_PortType" LastUpdated="1429582591703" OperationName="POST__media__root___path_"><Process/><BindingHeaderInstructions/><TransportHeaderInstructions/></OperationImplementation><OperationImplementation InterfaceName="ns13:Dropbox_Core_API_PortType" LastUpdated="1429582591703" OperationName="POST__restore__root___path_"><Process/><BindingHeaderInstructions/><TransportHeaderInstructions/></OperationImplementation><OperationImplementation InterfaceName="ns13:Dropbox_Core_API_PortType" LastUpdated="1429582591703" OperationName="POST__search__root___path_"><Process/><BindingHeaderInstructions><PreserveBindingHeaders>true</PreserveBindingHeaders></BindingHeaderInstructions><TransportHeaderInstructions><PreserveTransportHeaders>true</PreserveTransportHeaders></TransportHeaderInstructions></OperationImplementation><OperationImplementation InterfaceName="ns13:Dropbox_Core_API_PortType" LastUpdated="1429582591703" OperationName="POST__shares__root___path_"><Process/><BindingHeaderInstructions/><TransportHeaderInstructions/></OperationImplementation></VirtualServiceConfiguration>